Category,Order Date,Sales,Year
Furniture,01/01/2017,4,2017
Furniture,01/03/2014,5,2014
Furniture,01/03/2015,2,2015
Furniture,01/03/2016,1,2016
Furniture,01/04/2016,2,2016
Furniture,01/04/2017,3,2017
Furniture,01/05/2015,1,2015
Furniture,01/05/2016,1,2016
Furniture,01/05/2017,3,2017
Furniture,01/06/2014,2,2014
Furniture,01/06/2017,1,2017
Furniture,01/08/2014,1,2014
Furniture,01/08/2015,1,2015
Furniture,01/08/2016,1,2016
Furniture,01/09/2015,2,2015
Furniture,01/09/2016,1,2016
Furniture,01/09/2017,3,2017
Furniture,01/10/2016,3,2016
Furniture,01/10/2017,2,2017
Furniture,01/11/2014,2,2014
Furniture,01/11/2015,4,2015
Furniture,01/11/2017,1,2017
Furniture,01/12/2014,7,2014
Furniture,01/12/2015,4,2015
Furniture,01/12/2016,9,2016
Furniture,01/12/2017,8,2017
Furniture,02/01/2015,1,2015
Furniture,02/01/2016,1,2016
Furniture,02/01/2017,1,2017
Furniture,02/02/2016,2,2016
Furniture,02/02/2017,2,2017
Furniture,02/03/2015,1,2015
Furniture,02/03/2017,1,2017
Furniture,02/04/2014,1,2014
Furniture,02/04/2016,1,2016
Furniture,02/04/2017,2,2017
Furniture,02/05/2016,4,2016
Furniture,02/05/2017,1,2017
Furniture,02/06/2014,1,2014
Furniture,02/07/2015,3,2015
Furniture,02/07/2016,2,2016
Furniture,02/08/2015,2,2015
Furniture,02/08/2016,1,2016
Furniture,02/09/2014,1,2014
Furniture,02/09/2016,6,2016
Furniture,02/09/2017,7,2017
Furniture,02/10/2015,1,2015
Furniture,02/10/2017,8,2017
Furniture,02/11/2014,1,2014
Furniture,02/11/2015,5,2015
Furniture,02/11/2017,4,2017
Furniture,02/12/2014,5,2014
Furniture,02/12/2016,3,2016
Furniture,02/12/2017,6,2017
Furniture,03/01/2015,1,2015
Furniture,03/01/2016,1,2016
Furniture,03/02/2015,3,2015
Furniture,03/02/2016,1,2016
Furniture,03/02/2017,1,2017
Furniture,03/03/2014,2,2014
Furniture,03/03/2016,3,2016
Furniture,03/03/2017,3,2017
Furniture,03/04/2016,1,2016
Furniture,03/04/2017,1,2017
Furniture,03/05/2015,2,2015
Furniture,03/05/2016,1,2016
Furniture,03/05/2017,2,2017
Furniture,03/06/2014,2,2014
Furniture,03/06/2016,1,2016
Furniture,03/06/2017,3,2017
Furniture,03/07/2015,3,2015
Furniture,03/07/2017,5,2017
Furniture,03/08/2014,1,2014
Furniture,03/08/2017,2,2017
Furniture,03/09/2015,2,2015
Furniture,03/09/2016,4,2016
Furniture,03/09/2017,4,2017
Furniture,03/10/2014,4,2014
Furniture,03/10/2015,2,2015
Furniture,03/10/2016,3,2016
Furniture,03/10/2017,2,2017
Furniture,03/11/2014,2,2014
Furniture,03/11/2015,2,2015
Furniture,03/11/2016,4,2016
Furniture,03/11/2017,5,2017
Furniture,03/12/2015,3,2015
Furniture,03/12/2016,7,2016
Furniture,03/12/2017,5,2017
Furniture,04/01/2015,1,2015
Furniture,04/02/2016,1,2016
Furniture,04/03/2017,1,2017
Furniture,04/04/2014,1,2014
Furniture,04/04/2015,1,2015
Furniture,04/04/2016,1,2016
Furniture,04/05/2014,2,2014
Furniture,04/05/2015,2,2015
Furniture,04/05/2017,1,2017
Furniture,04/06/2014,3,2014
Furniture,04/06/2015,1,2015
Furniture,04/06/2016,6,2016
Furniture,04/06/2017,2,2017
Furniture,04/07/2016,3,2016
Furniture,04/08/2016,1,2016
Furniture,04/09/2016,3,2016
Furniture,04/09/2017,4,2017
Furniture,04/10/2014,1,2014
Furniture,04/10/2015,2,2015
Furniture,04/10/2016,2,2016
Furniture,04/10/2017,1,2017
Furniture,04/11/2014,3,2014
Furniture,04/11/2016,8,2016
Furniture,04/11/2017,1,2017
Furniture,04/12/2015,6,2015
Furniture,04/12/2016,1,2016
Furniture,04/12/2017,7,2017
Furniture,05/01/2015,1,2015
Furniture,05/02/2016,3,2016
Furniture,05/03/2015,4,2015
Furniture,05/04/2015,4,2015
Furniture,05/05/2014,1,2014
Furniture,05/05/2016,4,2016
Furniture,05/05/2017,1,2017
Furniture,05/06/2015,1,2015
Furniture,05/07/2014,2,2014
Furniture,05/07/2015,2,2015
Furniture,05/07/2017,1,2017
Furniture,05/08/2014,3,2014
Furniture,05/08/2015,1,2015
Furniture,05/09/2014,1,2014
Furniture,05/09/2015,4,2015
Furniture,05/09/2016,10,2016
Furniture,05/10/2015,2,2015
Furniture,05/10/2017,4,2017
Furniture,05/11/2014,3,2014
Furniture,05/11/2015,1,2015
Furniture,05/11/2016,5,2016
Furniture,05/11/2017,3,2017
Furniture,05/12/2015,3,2015
Furniture,05/12/2016,4,2016
Furniture,05/12/2017,4,2017
Furniture,06/01/2014,1,2014
Furniture,06/02/2015,2,2015
Furniture,06/02/2016,1,2016
Furniture,06/02/2017,2,2017
Furniture,06/03/2015,1,2015
Furniture,06/03/2016,2,2016
Furniture,06/03/2017,1,2017
Furniture,06/04/2014,4,2014
Furniture,06/05/2016,2,2016
Furniture,06/05/2017,1,2017
Furniture,06/06/2014,1,2014
Furniture,06/06/2016,2,2016
Furniture,06/06/2017,1,2017
Furniture,06/07/2014,1,2014
Furniture,06/07/2015,4,2015
Furniture,06/07/2017,2,2017
Furniture,06/08/2015,1,2015
Furniture,06/08/2017,2,2017
Furniture,06/09/2014,1,2014
Furniture,06/09/2015,3,2015
Furniture,06/09/2016,1,2016
Furniture,06/10/2017,1,2017
Furniture,06/11/2016,4,2016
Furniture,06/11/2017,6,2017
Furniture,06/12/2014,4,2014
Furniture,06/12/2015,3,2015
Furniture,07/01/2014,1,2014
Furniture,07/01/2016,1,2016
Furniture,07/03/2014,3,2014
Furniture,07/04/2014,1,2014
Furniture,07/04/2016,1,2016
Furniture,07/04/2017,3,2017
Furniture,07/05/2014,2,2014
Furniture,07/05/2015,1,2015
Furniture,07/05/2016,2,2016
Furniture,07/05/2017,3,2017
Furniture,07/06/2014,1,2014
Furniture,07/07/2014,2,2014
Furniture,07/07/2016,4,2016
Furniture,07/07/2017,1,2017
Furniture,07/08/2015,1,2015
Furniture,07/08/2017,2,2017
Furniture,07/09/2014,6,2014
Furniture,07/09/2015,3,2015
Furniture,07/09/2017,6,2017
Furniture,07/10/2014,1,2014
Furniture,07/10/2017,2,2017
Furniture,07/11/2014,1,2014
Furniture,07/11/2015,3,2015
Furniture,07/11/2016,3,2016
Furniture,07/11/2017,2,2017
Furniture,07/12/2015,2,2015
Furniture,07/12/2017,1,2017
Furniture,08/01/2016,1,2016
Furniture,08/01/2017,1,2017
Furniture,08/02/2014,1,2014
Furniture,08/02/2016,1,2016
Furniture,08/03/2015,3,2015
Furniture,08/03/2016,2,2016
Furniture,08/04/2014,3,2014
Furniture,08/04/2016,5,2016
Furniture,08/04/2017,3,2017
Furniture,08/05/2015,4,2015
Furniture,08/05/2016,1,2016
Furniture,08/05/2017,2,2017
Furniture,08/06/2014,2,2014
Furniture,08/06/2015,1,2015
Furniture,08/06/2017,1,2017
Furniture,08/07/2014,2,2014
Furniture,08/07/2016,1,2016
Furniture,08/07/2017,5,2017
Furniture,08/08/2014,4,2014
Furniture,08/08/2015,1,2015
Furniture,08/08/2016,1,2016
Furniture,08/09/2014,4,2014
Furniture,08/09/2015,1,2015
Furniture,08/09/2016,6,2016
Furniture,08/09/2017,3,2017
Furniture,08/10/2015,2,2015
Furniture,08/10/2016,1,2016
Furniture,08/10/2017,1,2017
Furniture,08/11/2015,6,2015
Furniture,08/11/2016,2,2016
Furniture,08/11/2017,1,2017
Furniture,08/12/2014,3,2014
Furniture,08/12/2016,4,2016
Furniture,08/12/2017,7,2017
Furniture,09/01/2016,1,2016
Furniture,09/02/2015,2,2015
Furniture,09/02/2017,2,2017
Furniture,09/03/2016,1,2016
Furniture,09/04/2015,1,2015
Furniture,09/04/2016,1,2016
Furniture,09/05/2017,2,2017
Furniture,09/06/2014,4,2014
Furniture,09/06/2015,1,2015
Furniture,09/06/2016,2,2016
Furniture,09/06/2017,2,2017
Furniture,09/07/2014,1,2014
Furniture,09/07/2015,1,2015
Furniture,09/07/2016,2,2016
Furniture,09/07/2017,1,2017
Furniture,09/08/2015,6,2015
Furniture,09/09/2014,3,2014
Furniture,09/09/2016,1,2016
Furniture,09/09/2017,5,2017
Furniture,09/10/2015,1,2015
Furniture,09/10/2016,2,2016
Furniture,09/10/2017,5,2017
Furniture,09/11/2014,2,2014
Furniture,09/11/2015,1,2015
Furniture,09/11/2017,4,2017
Furniture,09/12/2016,2,2016
Furniture,09/12/2017,4,2017
Furniture,10/01/2014,1,2014
Furniture,10/01/2015,1,2015
Furniture,10/01/2016,2,2016
Furniture,10/02/2017,1,2017
Furniture,10/03/2016,1,2016
Furniture,10/03/2017,3,2017
Furniture,10/04/2017,2,2017
Furniture,10/05/2014,2,2014
Furniture,10/06/2016,1,2016
Furniture,10/06/2017,1,2017
Furniture,10/07/2017,1,2017
Furniture,10/08/2017,1,2017
Furniture,10/09/2014,2,2014
Furniture,10/09/2015,3,2015
Furniture,10/09/2016,1,2016
Furniture,10/09/2017,1,2017
Furniture,10/10/2014,2,2014
Furniture,10/10/2015,1,2015
Furniture,10/10/2016,3,2016
Furniture,10/10/2017,1,2017
Furniture,10/11/2014,3,2014
Furniture,10/11/2015,1,2015
Furniture,10/11/2016,5,2016
Furniture,10/11/2017,3,2017
Furniture,10/12/2014,1,2014
Furniture,10/12/2015,3,2015
Furniture,10/12/2016,2,2016
Furniture,10/12/2017,5,2017
Furniture,11/01/2014,1,2014
Furniture,11/01/2016,1,2016
Furniture,11/02/2014,3,2014
Furniture,11/02/2017,2,2017
Furniture,11/03/2014,1,2014
Furniture,11/03/2016,3,2016
Furniture,11/03/2017,2,2017
Furniture,11/04/2015,2,2015
Furniture,11/05/2014,2,2014
Furniture,11/05/2015,1,2015
Furniture,11/05/2017,2,2017
Furniture,11/06/2015,3,2015
Furniture,11/06/2016,2,2016
Furniture,11/06/2017,2,2017
Furniture,11/07/2014,2,2014
Furniture,11/07/2015,4,2015
Furniture,11/08/2014,1,2014
Furniture,11/08/2015,1,2015
Furniture,11/09/2014,1,2014
Furniture,11/09/2015,3,2015
Furniture,11/09/2017,5,2017
Furniture,11/10/2014,3,2014
Furniture,11/10/2015,1,2015
Furniture,11/11/2014,6,2014
Furniture,11/11/2016,6,2016
Furniture,11/11/2017,2,2017
Furniture,11/12/2015,4,2015
Furniture,11/12/2016,6,2016
Furniture,11/12/2017,5,2017
Furniture,12/01/2017,1,2017
Furniture,12/02/2014,1,2014
Furniture,12/03/2015,2,2015
Furniture,12/03/2016,1,2016
Furniture,12/04/2014,1,2014
Furniture,12/04/2016,3,2016
Furniture,12/05/2014,2,2014
Furniture,12/05/2015,1,2015
Furniture,12/05/2016,1,2016
Furniture,12/05/2017,2,2017
Furniture,12/06/2015,1,2015
Furniture,12/06/2016,3,2016
Furniture,12/06/2017,4,2017
Furniture,12/07/2014,3,2014
Furniture,12/07/2015,2,2015
Furniture,12/08/2014,1,2014
Furniture,12/08/2016,3,2016
Furniture,12/08/2017,2,2017
Furniture,12/09/2014,2,2014
Furniture,12/09/2016,6,2016
Furniture,12/09/2017,1,2017
Furniture,12/10/2015,3,2015
Furniture,12/10/2017,4,2017
Furniture,12/11/2014,3,2014
Furniture,12/11/2015,2,2015
Furniture,12/11/2016,5,2016
Furniture,12/11/2017,3,2017
Furniture,12/12/2014,6,2014
Furniture,12/12/2015,2,2015
Furniture,12/12/2016,3,2016
Furniture,13/01/2014,2,2014
Furniture,13/01/2015,2,2015
Furniture,13/01/2017,1,2017
Furniture,13/02/2017,1,2017
Furniture,13/03/2015,3,2015
Furniture,13/03/2016,4,2016
Furniture,13/03/2017,1,2017
Furniture,13/04/2015,5,2015
Furniture,13/04/2017,1,2017
Furniture,13/05/2014,1,2014
Furniture,13/05/2017,1,2017
Furniture,13/06/2017,2,2017
Furniture,13/07/2014,1,2014
Furniture,13/07/2015,1,2015
Furniture,13/07/2017,1,2017
Furniture,13/08/2015,1,2015
Furniture,13/08/2016,1,2016
Furniture,13/08/2017,2,2017
Furniture,13/09/2014,2,2014
Furniture,13/09/2015,7,2015
Furniture,13/09/2016,1,2016
Furniture,13/10/2014,2,2014
Furniture,13/10/2015,1,2015
Furniture,13/10/2016,5,2016
Furniture,13/10/2017,2,2017
Furniture,13/11/2015,6,2015
Furniture,13/11/2016,3,2016
Furniture,13/11/2017,3,2017
Furniture,13/12/2014,2,2014
Furniture,13/12/2016,1,2016
Furniture,13/12/2017,2,2017
Furniture,14/01/2014,1,2014
Furniture,14/01/2016,1,2016
Furniture,14/01/2017,1,2017
Furniture,14/02/2016,2,2016
Furniture,14/03/2014,1,2014
Furniture,14/03/2016,4,2016
Furniture,14/04/2016,2,2016
Furniture,14/04/2017,3,2017
Furniture,14/05/2014,1,2014
Furniture,14/05/2015,4,2015
Furniture,14/05/2016,2,2016
Furniture,14/05/2017,3,2017
Furniture,14/06/2014,1,2014
Furniture,14/06/2015,1,2015
Furniture,14/06/2016,5,2016
Furniture,14/07/2014,1,2014
Furniture,14/07/2015,2,2015
Furniture,14/07/2016,3,2016
Furniture,14/07/2017,3,2017
Furniture,14/08/2017,1,2017
Furniture,14/09/2014,4,2014
Furniture,14/09/2015,2,2015
Furniture,14/09/2017,3,2017
Furniture,14/10/2014,1,2014
Furniture,14/10/2016,1,2016
Furniture,14/10/2017,1,2017
Furniture,14/11/2014,1,2014
Furniture,14/11/2015,3,2015
Furniture,14/11/2016,4,2016
Furniture,14/11/2017,1,2017
Furniture,14/12/2014,2,2014
Furniture,14/12/2015,4,2015
Furniture,14/12/2016,3,2016
Furniture,14/12/2017,6,2017
Furniture,15/01/2016,1,2016
Furniture,15/03/2014,1,2014
Furniture,15/03/2016,2,2016
Furniture,15/04/2014,1,2014
Furniture,15/04/2016,1,2016
Furniture,15/04/2017,1,2017
Furniture,15/05/2017,3,2017
Furniture,15/06/2014,2,2014
Furniture,15/06/2015,2,2015
Furniture,15/06/2017,4,2017
Furniture,15/07/2016,1,2016
Furniture,15/07/2017,3,2017
Furniture,15/08/2014,1,2014
Furniture,15/08/2015,1,2015
Furniture,15/08/2016,2,2016
Furniture,15/09/2014,2,2014
Furniture,15/09/2015,5,2015
Furniture,15/09/2016,1,2016
Furniture,15/09/2017,8,2017
Furniture,15/10/2014,2,2014
Furniture,15/10/2015,3,2015
Furniture,15/10/2017,2,2017
Furniture,15/11/2014,1,2014
Furniture,15/11/2015,1,2015
Furniture,15/11/2016,1,2016
Furniture,15/11/2017,2,2017
Furniture,15/12/2014,4,2014
Furniture,15/12/2015,1,2015
Furniture,15/12/2016,3,2016
Furniture,15/12/2017,1,2017
Furniture,16/01/2014,1,2014
Furniture,16/01/2017,3,2017
Furniture,16/02/2016,4,2016
Furniture,16/02/2017,2,2017
Furniture,16/03/2015,2,2015
Furniture,16/03/2017,1,2017
Furniture,16/04/2015,3,2015
Furniture,16/04/2016,1,2016
Furniture,16/04/2017,1,2017
Furniture,16/05/2014,1,2014
Furniture,16/05/2016,1,2016
Furniture,16/06/2014,1,2014
Furniture,16/06/2015,1,2015
Furniture,16/06/2017,2,2017
Furniture,16/07/2015,3,2015
Furniture,16/07/2016,1,2016
Furniture,16/07/2017,2,2017
Furniture,16/08/2014,1,2014
Furniture,16/08/2015,2,2015
Furniture,16/08/2016,1,2016
Furniture,16/09/2016,2,2016
Furniture,16/09/2017,1,2017
Furniture,16/10/2016,1,2016
Furniture,16/10/2017,2,2017
Furniture,16/11/2014,2,2014
Furniture,16/11/2015,5,2015
Furniture,16/11/2017,4,2017
Furniture,16/12/2014,7,2014
Furniture,16/12/2016,1,2016
Furniture,16/12/2017,3,2017
Furniture,17/01/2015,1,2015
Furniture,17/01/2016,1,2016
Furniture,17/02/2017,5,2017
Furniture,17/03/2014,3,2014
Furniture,17/03/2016,1,2016
Furniture,17/04/2016,3,2016
Furniture,17/04/2017,2,2017
Furniture,17/05/2016,2,2016
Furniture,17/06/2014,1,2014
Furniture,17/06/2016,5,2016
Furniture,17/06/2017,1,2017
Furniture,17/07/2015,2,2015
Furniture,17/07/2016,2,2016
Furniture,17/07/2017,3,2017
Furniture,17/08/2017,4,2017
Furniture,17/09/2014,1,2014
Furniture,17/09/2015,7,2015
Furniture,17/09/2016,4,2016
Furniture,17/09/2017,3,2017
Furniture,17/10/2014,1,2014
Furniture,17/10/2016,2,2016
Furniture,17/11/2014,4,2014
Furniture,17/11/2015,4,2015
Furniture,17/11/2017,2,2017
Furniture,17/12/2015,5,2015
Furniture,17/12/2016,1,2016
Furniture,17/12/2017,2,2017
Furniture,18/02/2014,1,2014
Furniture,18/02/2015,1,2015
Furniture,18/03/2014,4,2014
Furniture,18/03/2016,1,2016
Furniture,18/03/2017,1,2017
Furniture,18/04/2014,1,2014
Furniture,18/04/2015,3,2015
Furniture,18/04/2016,2,2016
Furniture,18/05/2014,1,2014
Furniture,18/05/2017,4,2017
Furniture,18/06/2015,3,2015
Furniture,18/06/2017,1,2017
Furniture,18/07/2014,1,2014
Furniture,18/07/2015,1,2015
Furniture,18/07/2016,3,2016
Furniture,18/07/2017,4,2017
Furniture,18/08/2016,2,2016
Furniture,18/08/2017,4,2017
Furniture,18/09/2015,1,2015
Furniture,18/09/2016,8,2016
Furniture,18/09/2017,2,2017
Furniture,18/10/2014,2,2014
Furniture,18/10/2015,1,2015
Furniture,18/10/2016,1,2016
Furniture,18/11/2014,8,2014
Furniture,18/11/2016,2,2016
Furniture,18/11/2017,3,2017
Furniture,18/12/2015,1,2015
Furniture,18/12/2016,5,2016
Furniture,18/12/2017,4,2017
Furniture,19/01/2014,1,2014
Furniture,19/01/2015,2,2015
Furniture,19/01/2017,2,2017
Furniture,19/02/2016,1,2016
Furniture,19/02/2017,1,2017
Furniture,19/03/2014,2,2014
Furniture,19/03/2015,1,2015
Furniture,19/03/2016,3,2016
Furniture,19/03/2017,2,2017
Furniture,19/04/2014,1,2014
Furniture,19/04/2016,1,2016
Furniture,19/05/2016,3,2016
Furniture,19/05/2017,3,2017
Furniture,19/06/2015,1,2015
Furniture,19/06/2017,4,2017
Furniture,19/07/2014,1,2014
Furniture,19/07/2016,2,2016
Furniture,19/08/2014,2,2014
Furniture,19/09/2014,2,2014
Furniture,19/09/2015,2,2015
Furniture,19/09/2016,3,2016
Furniture,19/09/2017,2,2017
Furniture,19/10/2017,5,2017
Furniture,19/11/2014,1,2014
Furniture,19/11/2015,1,2015
Furniture,19/11/2016,2,2016
Furniture,19/11/2017,9,2017
Furniture,19/12/2014,1,2014
Furniture,19/12/2015,1,2015
Furniture,19/12/2016,2,2016
Furniture,19/12/2017,2,2017
Furniture,20/01/2014,5,2014
Furniture,20/01/2017,1,2017
Furniture,20/02/2014,1,2014
Furniture,20/02/2017,3,2017
Furniture,20/03/2016,2,2016
Furniture,20/03/2017,1,2017
Furniture,20/04/2014,3,2014
Furniture,20/04/2015,1,2015
Furniture,20/04/2017,5,2017
Furniture,20/05/2014,2,2014
Furniture,20/05/2015,1,2015
Furniture,20/05/2016,1,2016
Furniture,20/05/2017,2,2017
Furniture,20/06/2014,1,2014
Furniture,20/06/2015,1,2015
Furniture,20/06/2016,2,2016
Furniture,20/07/2014,3,2014
Furniture,20/07/2015,2,2015
Furniture,20/07/2017,4,2017
Furniture,20/08/2014,2,2014
Furniture,20/09/2014,6,2014
Furniture,20/09/2016,3,2016
Furniture,20/09/2017,4,2017
Furniture,20/10/2014,1,2014
Furniture,20/10/2015,3,2015
Furniture,20/10/2016,3,2016
Furniture,20/10/2017,2,2017
Furniture,20/11/2015,8,2015
Furniture,20/11/2016,4,2016
Furniture,20/11/2017,8,2017
Furniture,20/12/2014,7,2014
Furniture,20/12/2015,2,2015
Furniture,20/12/2016,1,2016
Furniture,21/01/2014,1,2014
Furniture,21/01/2016,2,2016
Furniture,21/01/2017,1,2017
Furniture,21/02/2016,2,2016
Furniture,21/03/2014,2,2014
Furniture,21/03/2016,2,2016
Furniture,21/03/2017,2,2017
Furniture,21/04/2015,2,2015
Furniture,21/04/2017,2,2017
Furniture,21/05/2014,1,2014
Furniture,21/05/2017,1,2017
Furniture,21/06/2014,2,2014
Furniture,21/06/2016,1,2016
Furniture,21/06/2017,1,2017
Furniture,21/07/2014,3,2014
Furniture,21/07/2016,1,2016
Furniture,21/07/2017,4,2017
Furniture,21/08/2015,4,2015
Furniture,21/08/2016,3,2016
Furniture,21/08/2017,7,2017
Furniture,21/09/2014,1,2014
Furniture,21/09/2015,6,2015
Furniture,21/10/2014,2,2014
Furniture,21/10/2016,5,2016
Furniture,21/10/2017,4,2017
Furniture,21/11/2015,5,2015
Furniture,21/11/2016,4,2016
Furniture,21/11/2017,2,2017
Furniture,21/12/2014,2,2014
Furniture,21/12/2015,2,2015
Furniture,21/12/2017,1,2017
Furniture,22/01/2016,3,2016
Furniture,22/03/2014,1,2014
Furniture,22/03/2015,1,2015
Furniture,22/03/2016,1,2016
Furniture,22/04/2016,4,2016
Furniture,22/04/2017,2,2017
Furniture,22/05/2016,1,2016
Furniture,22/05/2017,1,2017
Furniture,22/06/2014,2,2014
Furniture,22/06/2015,1,2015
Furniture,22/06/2017,1,2017
Furniture,22/07/2014,2,2014
Furniture,22/07/2016,2,2016
Furniture,22/07/2017,1,2017
Furniture,22/08/2016,1,2016
Furniture,22/08/2017,2,2017
Furniture,22/09/2014,2,2014
Furniture,22/09/2015,2,2015
Furniture,22/09/2016,3,2016
Furniture,22/09/2017,2,2017
Furniture,22/10/2014,2,2014
Furniture,22/10/2016,3,2016
Furniture,22/10/2017,3,2017
Furniture,22/11/2015,1,2015
Furniture,22/11/2016,1,2016
Furniture,22/12/2015,1,2015
Furniture,22/12/2016,4,2016
Furniture,22/12/2017,7,2017
Furniture,23/01/2016,1,2016
Furniture,23/01/2017,1,2017
Furniture,23/03/2015,1,2015
Furniture,23/03/2017,1,2017
Furniture,23/04/2014,3,2014
Furniture,23/04/2017,5,2017
Furniture,23/05/2015,1,2015
Furniture,23/05/2016,1,2016
Furniture,23/05/2017,1,2017
Furniture,23/06/2015,1,2015
Furniture,23/07/2015,1,2015
Furniture,23/08/2014,1,2014
Furniture,23/08/2016,2,2016
Furniture,23/08/2017,1,2017
Furniture,23/09/2014,1,2014
Furniture,23/09/2016,4,2016
Furniture,23/09/2017,3,2017
Furniture,23/10/2015,3,2015
Furniture,23/10/2016,1,2016
Furniture,23/10/2017,5,2017
Furniture,23/11/2014,4,2014
Furniture,23/11/2016,2,2016
Furniture,23/11/2017,4,2017
Furniture,23/12/2014,2,2014
Furniture,23/12/2016,4,2016
Furniture,23/12/2017,3,2017
Furniture,24/03/2014,1,2014
Furniture,24/03/2015,2,2015
Furniture,24/03/2016,1,2016
Furniture,24/03/2017,2,2017
Furniture,24/04/2016,1,2016
Furniture,24/05/2015,1,2015
Furniture,24/06/2014,1,2014
Furniture,24/06/2017,2,2017
Furniture,24/07/2015,1,2015
Furniture,24/07/2016,1,2016
Furniture,24/08/2014,1,2014
Furniture,24/08/2015,3,2015
Furniture,24/09/2015,3,2015
Furniture,24/09/2016,5,2016
Furniture,24/09/2017,4,2017
Furniture,24/10/2015,2,2015
Furniture,24/10/2017,1,2017
Furniture,24/11/2014,5,2014
Furniture,24/11/2015,1,2015
Furniture,24/11/2016,5,2016
Furniture,24/11/2017,4,2017
Furniture,24/12/2014,3,2014
Furniture,24/12/2015,5,2015
Furniture,24/12/2016,2,2016
Furniture,24/12/2017,5,2017
Furniture,25/01/2016,2,2016
Furniture,25/02/2017,2,2017
Furniture,25/03/2014,1,2014
Furniture,25/03/2017,3,2017
Furniture,25/04/2014,2,2014
Furniture,25/04/2015,1,2015
Furniture,25/04/2017,1,2017
Furniture,25/05/2014,1,2014
Furniture,25/05/2015,1,2015
Furniture,25/05/2016,1,2016
Furniture,25/05/2017,1,2017
Furniture,25/06/2014,1,2014
Furniture,25/06/2015,2,2015
Furniture,25/06/2016,3,2016
Furniture,25/06/2017,2,2017
Furniture,25/07/2014,1,2014
Furniture,25/07/2015,3,2015
Furniture,25/07/2016,6,2016
Furniture,25/07/2017,3,2017
Furniture,25/08/2014,1,2014
Furniture,25/08/2015,3,2015
Furniture,25/08/2017,1,2017
Furniture,25/09/2014,1,2014
Furniture,25/09/2015,3,2015
Furniture,25/09/2016,5,2016
Furniture,25/09/2017,3,2017
Furniture,25/10/2015,3,2015
Furniture,25/11/2014,6,2014
Furniture,25/11/2016,2,2016
Furniture,25/11/2017,4,2017
Furniture,25/12/2015,4,2015
Furniture,25/12/2016,9,2016
Furniture,25/12/2017,5,2017
Furniture,26/01/2014,3,2014
Furniture,26/01/2017,1,2017
Furniture,26/02/2017,2,2017
Furniture,26/03/2015,1,2015
Furniture,26/03/2017,2,2017
Furniture,26/04/2014,1,2014
Furniture,26/04/2015,5,2015
Furniture,26/04/2016,1,2016
Furniture,26/04/2017,1,2017
Furniture,26/05/2014,3,2014
Furniture,26/05/2015,3,2015
Furniture,26/05/2016,4,2016
Furniture,26/06/2015,1,2015
Furniture,26/06/2016,2,2016
Furniture,26/06/2017,2,2017
Furniture,26/07/2014,5,2014
Furniture,26/07/2015,2,2015
Furniture,26/07/2017,1,2017
Furniture,26/08/2014,1,2014
Furniture,26/08/2016,4,2016
Furniture,26/08/2017,1,2017
Furniture,26/09/2014,3,2014
Furniture,26/09/2016,3,2016
Furniture,26/09/2017,2,2017
Furniture,26/10/2014,1,2014
Furniture,26/10/2017,1,2017
Furniture,26/11/2014,1,2014
Furniture,26/11/2015,1,2015
Furniture,26/11/2016,3,2016
Furniture,26/11/2017,5,2017
Furniture,26/12/2014,5,2014
Furniture,26/12/2015,2,2015
Furniture,26/12/2016,3,2016
Furniture,27/01/2014,1,2014
Furniture,27/01/2015,2,2015
Furniture,27/02/2015,1,2015
Furniture,27/02/2016,1,2016
Furniture,27/03/2016,2,2016
Furniture,27/03/2017,5,2017
Furniture,27/04/2015,1,2015
Furniture,27/04/2017,2,2017
Furniture,27/05/2014,1,2014
Furniture,27/05/2016,3,2016
Furniture,27/05/2017,2,2017
Furniture,27/06/2014,1,2014
Furniture,27/06/2016,1,2016
Furniture,27/06/2017,2,2017
Furniture,27/07/2017,4,2017
Furniture,27/08/2014,2,2014
Furniture,27/08/2016,1,2016
Furniture,27/08/2017,4,2017
Furniture,27/09/2014,2,2014
Furniture,27/09/2015,1,2015
Furniture,27/09/2016,1,2016
Furniture,27/10/2016,3,2016
Furniture,27/10/2017,2,2017
Furniture,27/11/2014,1,2014
Furniture,27/11/2015,5,2015
Furniture,27/11/2016,2,2016
Furniture,27/11/2017,2,2017
Furniture,27/12/2014,4,2014
Furniture,27/12/2015,5,2015
Furniture,27/12/2016,1,2016
Furniture,28/01/2015,1,2015
Furniture,28/01/2017,1,2017
Furniture,28/02/2015,2,2015
Furniture,28/03/2014,2,2014
Furniture,28/03/2017,2,2017
Furniture,28/04/2016,2,2016
Furniture,28/05/2016,1,2016
Furniture,28/05/2017,5,2017
Furniture,28/06/2014,1,2014
Furniture,28/06/2015,2,2015
Furniture,28/06/2016,1,2016
Furniture,28/07/2014,1,2014
Furniture,28/07/2016,3,2016
Furniture,28/08/2015,3,2015
Furniture,28/08/2016,1,2016
Furniture,28/08/2017,1,2017
Furniture,28/09/2014,1,2014
Furniture,28/09/2017,2,2017
Furniture,28/10/2014,1,2014
Furniture,28/10/2015,2,2015
Furniture,28/10/2016,5,2016
Furniture,28/10/2017,1,2017
Furniture,28/11/2014,2,2014
Furniture,28/11/2015,5,2015
Furniture,28/11/2016,2,2016
Furniture,28/11/2017,5,2017
Furniture,28/12/2017,6,2017
Furniture,29/01/2017,1,2017
Furniture,29/03/2014,1,2014
Furniture,29/03/2015,2,2015
Furniture,29/03/2016,3,2016
Furniture,29/04/2014,3,2014
Furniture,29/04/2017,1,2017
Furniture,29/05/2015,2,2015
Furniture,29/05/2016,1,2016
Furniture,29/05/2017,2,2017
Furniture,29/06/2015,2,2015
Furniture,29/06/2017,4,2017
Furniture,29/07/2017,2,2017
Furniture,29/08/2014,1,2014
Furniture,29/08/2016,2,2016
Furniture,29/08/2017,1,2017
Furniture,29/09/2014,6,2014
Furniture,29/09/2017,5,2017
Furniture,29/10/2016,1,2016
Furniture,29/11/2015,2,2015
Furniture,29/11/2016,1,2016
Furniture,29/11/2017,2,2017
Furniture,29/12/2014,4,2014
Furniture,29/12/2016,2,2016
Furniture,29/12/2017,6,2017
Furniture,30/01/2015,1,2015
Furniture,30/01/2016,3,2016
Furniture,30/01/2017,4,2017
Furniture,30/03/2014,2,2014
Furniture,30/03/2015,1,2015
Furniture,30/03/2017,1,2017
Furniture,30/04/2015,4,2015
Furniture,30/04/2016,2,2016
Furniture,30/04/2017,3,2017
Furniture,30/05/2014,1,2014
Furniture,30/05/2016,4,2016
Furniture,30/05/2017,4,2017
Furniture,30/06/2016,1,2016
Furniture,30/06/2017,6,2017
Furniture,30/07/2014,1,2014
Furniture,30/07/2015,2,2015
Furniture,30/08/2016,2,2016
Furniture,30/09/2014,1,2014
Furniture,30/09/2016,1,2016
Furniture,30/10/2015,1,2015
Furniture,30/10/2017,9,2017
Furniture,30/11/2015,4,2015
Furniture,30/11/2016,1,2016
Furniture,30/11/2017,4,2017
Furniture,30/12/2014,1,2014
Furniture,30/12/2016,1,2016
Furniture,30/12/2017,1,2017
Furniture,31/01/2014,1,2014
Furniture,31/01/2015,1,2015
Furniture,31/03/2014,1,2014
Furniture,31/03/2015,1,2015
Furniture,31/03/2016,1,2016
Furniture,31/03/2017,3,2017
Furniture,31/05/2015,5,2015
Furniture,31/05/2016,2,2016
Furniture,31/07/2015,1,2015
Furniture,31/07/2016,2,2016
Furniture,31/07/2017,1,2017
Furniture,31/08/2015,1,2015
Furniture,31/08/2017,1,2017
Furniture,31/10/2014,6,2014
Furniture,31/10/2015,2,2015
Furniture,31/10/2016,3,2016
Furniture,31/12/2014,4,2014
Furniture,31/12/2015,1,2015
Office Supplies,01/01/2017,6,2017
Office Supplies,01/02/2016,2,2016
Office Supplies,01/03/2014,4,2014
Office Supplies,01/03/2015,3,2015
Office Supplies,01/03/2016,2,2016
Office Supplies,01/04/2014,4,2014
Office Supplies,01/04/2016,13,2016
Office Supplies,01/04/2017,7,2017
Office Supplies,01/05/2015,5,2015
Office Supplies,01/05/2016,5,2016
Office Supplies,01/05/2017,2,2017
Office Supplies,01/06/2014,8,2014
Office Supplies,01/06/2015,5,2015
Office Supplies,01/06/2017,7,2017
Office Supplies,01/07/2014,2,2014
Office Supplies,01/07/2016,6,2016
Office Supplies,01/07/2017,3,2017
Office Supplies,01/08/2014,5,2014
Office Supplies,01/08/2015,1,2015
Office Supplies,01/08/2016,2,2016
Office Supplies,01/08/2017,3,2017
Office Supplies,01/09/2014,4,2014
Office Supplies,01/09/2015,4,2015
Office Supplies,01/09/2016,14,2016
Office Supplies,01/09/2017,3,2017
Office Supplies,01/10/2014,1,2014
Office Supplies,01/10/2015,3,2015
Office Supplies,01/10/2016,3,2016
Office Supplies,01/10/2017,8,2017
Office Supplies,01/11/2014,15,2014
Office Supplies,01/11/2015,3,2015
Office Supplies,01/11/2016,2,2016
Office Supplies,01/11/2017,3,2017
Office Supplies,01/12/2014,2,2014
Office Supplies,01/12/2015,10,2015
Office Supplies,01/12/2016,11,2016
Office Supplies,01/12/2017,19,2017
Office Supplies,02/01/2015,4,2015
Office Supplies,02/01/2017,5,2017
Office Supplies,02/02/2014,2,2014
Office Supplies,02/02/2016,2,2016
Office Supplies,02/02/2017,5,2017
Office Supplies,02/03/2014,3,2014
Office Supplies,02/03/2015,2,2015
Office Supplies,02/03/2017,8,2017
Office Supplies,02/04/2014,4,2014
Office Supplies,02/04/2015,2,2015
Office Supplies,02/04/2017,2,2017
Office Supplies,02/05/2014,1,2014
Office Supplies,02/05/2015,1,2015
Office Supplies,02/05/2016,8,2016
Office Supplies,02/05/2017,3,2017
Office Supplies,02/06/2014,3,2014
Office Supplies,02/06/2016,4,2016
Office Supplies,02/06/2017,5,2017
Office Supplies,02/07/2014,1,2014
Office Supplies,02/07/2015,9,2015
Office Supplies,02/07/2016,2,2016
Office Supplies,02/07/2017,2,2017
Office Supplies,02/08/2014,2,2014
Office Supplies,02/08/2015,2,2015
Office Supplies,02/08/2016,1,2016
Office Supplies,02/09/2014,5,2014
Office Supplies,02/09/2016,15,2016
Office Supplies,02/09/2017,22,2017
Office Supplies,02/10/2014,4,2014
Office Supplies,02/10/2015,11,2015
Office Supplies,02/10/2016,6,2016
Office Supplies,02/10/2017,15,2017
Office Supplies,02/11/2014,3,2014
Office Supplies,02/11/2015,4,2015
Office Supplies,02/11/2017,19,2017
Office Supplies,02/12/2014,6,2014
Office Supplies,02/12/2016,12,2016
Office Supplies,02/12/2017,22,2017
Office Supplies,03/01/2014,1,2014
Office Supplies,03/01/2015,2,2015
Office Supplies,03/01/2016,2,2016
Office Supplies,03/01/2017,3,2017
Office Supplies,03/02/2014,2,2014
Office Supplies,03/02/2015,2,2015
Office Supplies,03/02/2017,7,2017
Office Supplies,03/03/2014,6,2014
Office Supplies,03/03/2016,7,2016
Office Supplies,03/03/2017,2,2017
Office Supplies,03/04/2014,1,2014
Office Supplies,03/04/2016,2,2016
Office Supplies,03/04/2017,1,2017
Office Supplies,03/05/2014,3,2014
Office Supplies,03/05/2015,9,2015
Office Supplies,03/05/2016,5,2016
Office Supplies,03/05/2017,7,2017
Office Supplies,03/06/2014,3,2014
Office Supplies,03/06/2017,8,2017
Office Supplies,03/07/2015,2,2015
Office Supplies,03/07/2016,4,2016
Office Supplies,03/07/2017,6,2017
Office Supplies,03/08/2014,5,2014
Office Supplies,03/08/2016,1,2016
Office Supplies,03/08/2017,4,2017
Office Supplies,03/09/2014,2,2014
Office Supplies,03/09/2015,9,2015
Office Supplies,03/09/2016,8,2016
Office Supplies,03/09/2017,7,2017
Office Supplies,03/10/2014,8,2014
Office Supplies,03/10/2015,2,2015
Office Supplies,03/10/2016,4,2016
Office Supplies,03/10/2017,6,2017
Office Supplies,03/11/2014,10,2014
Office Supplies,03/11/2015,1,2015
Office Supplies,03/11/2016,17,2016
Office Supplies,03/11/2017,13,2017
Office Supplies,03/12/2014,1,2014
Office Supplies,03/12/2015,6,2015
Office Supplies,03/12/2016,8,2016
Office Supplies,03/12/2017,11,2017
Office Supplies,04/01/2014,3,2014
Office Supplies,04/01/2015,2,2015
Office Supplies,04/01/2016,2,2016
Office Supplies,04/02/2014,3,2014
Office Supplies,04/02/2016,1,2016
Office Supplies,04/02/2017,1,2017
Office Supplies,04/03/2014,2,2014
Office Supplies,04/03/2016,3,2016
Office Supplies,04/03/2017,5,2017
Office Supplies,04/04/2014,6,2014
Office Supplies,04/04/2015,6,2015
Office Supplies,04/04/2016,3,2016
Office Supplies,04/04/2017,3,2017
Office Supplies,04/05/2014,4,2014
Office Supplies,04/05/2015,1,2015
Office Supplies,04/05/2017,9,2017
Office Supplies,04/06/2014,2,2014
Office Supplies,04/06/2015,3,2015
Office Supplies,04/06/2016,4,2016
Office Supplies,04/06/2017,5,2017
Office Supplies,04/07/2014,4,2014
Office Supplies,04/07/2015,2,2015
Office Supplies,04/07/2016,2,2016
Office Supplies,04/08/2014,7,2014
Office Supplies,04/08/2016,6,2016
Office Supplies,04/08/2017,3,2017
Office Supplies,04/09/2015,5,2015
Office Supplies,04/09/2016,13,2016
Office Supplies,04/09/2017,20,2017
Office Supplies,04/10/2014,3,2014
Office Supplies,04/10/2015,2,2015
Office Supplies,04/10/2016,3,2016
Office Supplies,04/11/2014,7,2014
Office Supplies,04/11/2016,11,2016
Office Supplies,04/11/2017,11,2017
Office Supplies,04/12/2015,7,2015
Office Supplies,04/12/2016,7,2016
Office Supplies,04/12/2017,7,2017
Office Supplies,05/01/2014,1,2014
Office Supplies,05/01/2015,5,2015
Office Supplies,05/01/2016,1,2016
Office Supplies,05/02/2016,9,2016
Office Supplies,05/02/2017,3,2017
Office Supplies,05/03/2014,4,2014
Office Supplies,05/03/2015,8,2015
Office Supplies,05/03/2016,2,2016
Office Supplies,05/03/2017,8,2017
Office Supplies,05/04/2014,12,2014
Office Supplies,05/04/2015,6,2015
Office Supplies,05/04/2016,2,2016
Office Supplies,05/05/2014,6,2014
Office Supplies,05/05/2016,6,2016
Office Supplies,05/05/2017,5,2017
Office Supplies,05/06/2015,1,2015
Office Supplies,05/06/2016,8,2016
Office Supplies,05/06/2017,1,2017
Office Supplies,05/07/2014,7,2014
Office Supplies,05/07/2015,4,2015
Office Supplies,05/07/2017,4,2017
Office Supplies,05/08/2014,7,2014
Office Supplies,05/08/2015,3,2015
Office Supplies,05/08/2016,1,2016
Office Supplies,05/08/2017,4,2017
Office Supplies,05/09/2014,1,2014
Office Supplies,05/09/2015,5,2015
Office Supplies,05/09/2016,24,2016
Office Supplies,05/09/2017,4,2017
Office Supplies,05/10/2014,1,2014
Office Supplies,05/10/2015,3,2015
Office Supplies,05/10/2017,6,2017
Office Supplies,05/11/2014,2,2014
Office Supplies,05/11/2015,7,2015
Office Supplies,05/11/2016,9,2016
Office Supplies,05/11/2017,11,2017
Office Supplies,05/12/2014,12,2014
Office Supplies,05/12/2015,7,2015
Office Supplies,05/12/2016,9,2016
Office Supplies,05/12/2017,12,2017
Office Supplies,06/01/2014,6,2014
Office Supplies,06/01/2015,2,2015
Office Supplies,06/01/2017,1,2017
Office Supplies,06/02/2014,2,2014
Office Supplies,06/02/2015,6,2015
Office Supplies,06/02/2017,2,2017
Office Supplies,06/03/2016,3,2016
Office Supplies,06/03/2017,8,2017
Office Supplies,06/04/2014,6,2014
Office Supplies,06/04/2015,5,2015
Office Supplies,06/04/2017,2,2017
Office Supplies,06/05/2014,3,2014
Office Supplies,06/05/2016,4,2016
Office Supplies,06/05/2017,9,2017
Office Supplies,06/06/2014,8,2014
Office Supplies,06/06/2016,8,2016
Office Supplies,06/06/2017,1,2017
Office Supplies,06/07/2015,2,2015
Office Supplies,06/07/2017,2,2017
Office Supplies,06/08/2015,4,2015
Office Supplies,06/08/2016,2,2016
Office Supplies,06/08/2017,4,2017
Office Supplies,06/09/2014,1,2014
Office Supplies,06/09/2015,5,2015
Office Supplies,06/09/2016,5,2016
Office Supplies,06/10/2014,3,2014
Office Supplies,06/10/2016,3,2016
Office Supplies,06/10/2017,10,2017
Office Supplies,06/11/2014,1,2014
Office Supplies,06/11/2015,2,2015
Office Supplies,06/11/2016,3,2016
Office Supplies,06/11/2017,19,2017
Office Supplies,06/12/2014,6,2014
Office Supplies,06/12/2015,16,2015
Office Supplies,06/12/2016,13,2016
Office Supplies,06/12/2017,1,2017
Office Supplies,07/01/2014,1,2014
Office Supplies,07/01/2016,2,2016
Office Supplies,07/01/2017,5,2017
Office Supplies,07/02/2014,1,2014
Office Supplies,07/02/2015,2,2015
Office Supplies,07/02/2016,2,2016
Office Supplies,07/03/2014,5,2014
Office Supplies,07/03/2015,2,2015
Office Supplies,07/03/2017,2,2017
Office Supplies,07/04/2014,2,2014
Office Supplies,07/04/2015,4,2015
Office Supplies,07/04/2016,4,2016
Office Supplies,07/04/2017,2,2017
Office Supplies,07/05/2014,2,2014
Office Supplies,07/05/2015,2,2015
Office Supplies,07/05/2016,2,2016
Office Supplies,07/05/2017,1,2017
Office Supplies,07/06/2014,1,2014
Office Supplies,07/06/2015,4,2015
Office Supplies,07/06/2016,4,2016
Office Supplies,07/07/2016,9,2016
Office Supplies,07/07/2017,4,2017
Office Supplies,07/08/2015,6,2015
Office Supplies,07/08/2017,9,2017
Office Supplies,07/09/2014,13,2014
Office Supplies,07/09/2015,8,2015
Office Supplies,07/09/2017,12,2017
Office Supplies,07/10/2014,1,2014
Office Supplies,07/10/2016,4,2016
Office Supplies,07/10/2017,5,2017
Office Supplies,07/11/2014,13,2014
Office Supplies,07/11/2015,10,2015
Office Supplies,07/11/2016,12,2016
Office Supplies,07/11/2017,3,2017
Office Supplies,07/12/2014,4,2014
Office Supplies,07/12/2015,6,2015
Office Supplies,07/12/2017,5,2017
Office Supplies,08/01/2016,3,2016
Office Supplies,08/02/2015,3,2015
Office Supplies,08/03/2015,4,2015
Office Supplies,08/03/2016,8,2016
Office Supplies,08/03/2017,4,2017
Office Supplies,08/04/2014,3,2014
Office Supplies,08/04/2016,12,2016
Office Supplies,08/04/2017,5,2017
Office Supplies,08/05/2015,5,2015
Office Supplies,08/05/2016,5,2016
Office Supplies,08/05/2017,2,2017
Office Supplies,08/06/2014,2,2014
Office Supplies,08/06/2015,7,2015
Office Supplies,08/06/2017,7,2017
Office Supplies,08/07/2014,1,2014
Office Supplies,08/07/2015,1,2015
Office Supplies,08/07/2016,7,2016
Office Supplies,08/07/2017,12,2017
Office Supplies,08/08/2014,4,2014
Office Supplies,08/08/2015,5,2015
Office Supplies,08/08/2016,6,2016
Office Supplies,08/09/2014,17,2014
Office Supplies,08/09/2015,2,2015
Office Supplies,08/09/2016,12,2016
Office Supplies,08/09/2017,5,2017
Office Supplies,08/10/2014,1,2014
Office Supplies,08/10/2015,1,2015
Office Supplies,08/10/2016,3,2016
Office Supplies,08/10/2017,2,2017
Office Supplies,08/11/2015,15,2015
Office Supplies,08/11/2017,1,2017
Office Supplies,08/12/2014,8,2014
Office Supplies,08/12/2015,3,2015
Office Supplies,08/12/2016,6,2016
Office Supplies,08/12/2017,19,2017
Office Supplies,09/01/2014,1,2014
Office Supplies,09/01/2015,4,2015
Office Supplies,09/01/2017,1,2017
Office Supplies,09/02/2015,1,2015
Office Supplies,09/02/2017,3,2017
Office Supplies,09/03/2015,1,2015
Office Supplies,09/03/2016,3,2016
Office Supplies,09/03/2017,1,2017
Office Supplies,09/04/2015,2,2015
Office Supplies,09/04/2016,2,2016
Office Supplies,09/04/2017,12,2017
Office Supplies,09/05/2014,4,2014
Office Supplies,09/05/2015,1,2015
Office Supplies,09/05/2016,10,2016
Office Supplies,09/05/2017,4,2017
Office Supplies,09/06/2014,8,2014
Office Supplies,09/06/2015,4,2015
Office Supplies,09/06/2017,3,2017
Office Supplies,09/07/2014,8,2014
Office Supplies,09/07/2015,11,2015
Office Supplies,09/07/2017,7,2017
Office Supplies,09/08/2014,6,2014
Office Supplies,09/08/2015,8,2015
Office Supplies,09/08/2016,4,2016
Office Supplies,09/09/2014,7,2014
Office Supplies,09/09/2016,2,2016
Office Supplies,09/09/2017,20,2017
Office Supplies,09/10/2014,2,2014
Office Supplies,09/10/2015,8,2015
Office Supplies,09/10/2016,2,2016
Office Supplies,09/10/2017,6,2017
Office Supplies,09/11/2014,4,2014
Office Supplies,09/11/2015,9,2015
Office Supplies,09/11/2017,4,2017
Office Supplies,09/12/2014,7,2014
Office Supplies,09/12/2015,1,2015
Office Supplies,09/12/2016,11,2016
Office Supplies,09/12/2017,25,2017
Office Supplies,10/01/2014,1,2014
Office Supplies,10/02/2015,1,2015
Office Supplies,10/02/2017,1,2017
Office Supplies,10/03/2014,3,2014
Office Supplies,10/03/2015,2,2015
Office Supplies,10/03/2016,2,2016
Office Supplies,10/03/2017,3,2017
Office Supplies,10/04/2015,3,2015
Office Supplies,10/04/2016,8,2016
Office Supplies,10/04/2017,6,2017
Office Supplies,10/05/2014,4,2014
Office Supplies,10/05/2015,2,2015
Office Supplies,10/05/2016,2,2016
Office Supplies,10/06/2014,1,2014
Office Supplies,10/06/2016,3,2016
Office Supplies,10/06/2017,9,2017
Office Supplies,10/07/2015,2,2015
Office Supplies,10/07/2016,4,2016
Office Supplies,10/07/2017,2,2017
Office Supplies,10/08/2015,5,2015
Office Supplies,10/08/2017,2,2017
Office Supplies,10/09/2014,3,2014
Office Supplies,10/09/2015,6,2015
Office Supplies,10/09/2016,8,2016
Office Supplies,10/09/2017,12,2017
Office Supplies,10/10/2014,5,2014
Office Supplies,10/10/2015,4,2015
Office Supplies,10/10/2016,3,2016
Office Supplies,10/11/2014,7,2014
Office Supplies,10/11/2015,5,2015
Office Supplies,10/11/2016,25,2016
Office Supplies,10/11/2017,7,2017
Office Supplies,10/12/2014,4,2014
Office Supplies,10/12/2015,13,2015
Office Supplies,10/12/2016,11,2016
Office Supplies,10/12/2017,11,2017
Office Supplies,11/01/2016,2,2016
Office Supplies,11/02/2014,5,2014
Office Supplies,11/02/2017,2,2017
Office Supplies,11/03/2014,5,2014
Office Supplies,11/03/2016,2,2016
Office Supplies,11/03/2017,3,2017
Office Supplies,11/04/2014,4,2014
Office Supplies,11/04/2015,2,2015
Office Supplies,11/04/2017,5,2017
Office Supplies,11/05/2014,3,2014
Office Supplies,11/05/2016,1,2016
Office Supplies,11/05/2017,7,2017
Office Supplies,11/06/2015,8,2015
Office Supplies,11/06/2016,4,2016
Office Supplies,11/06/2017,11,2017
Office Supplies,11/07/2014,5,2014
Office Supplies,11/07/2015,6,2015
Office Supplies,11/07/2017,4,2017
Office Supplies,11/08/2014,3,2014
Office Supplies,11/08/2015,1,2015
Office Supplies,11/08/2016,3,2016
Office Supplies,11/08/2017,5,2017
Office Supplies,11/09/2015,9,2015
Office Supplies,11/09/2016,13,2016
Office Supplies,11/09/2017,15,2017
Office Supplies,11/10/2014,5,2014
Office Supplies,11/10/2015,1,2015
Office Supplies,11/10/2016,2,2016
Office Supplies,11/11/2014,15,2014
Office Supplies,11/11/2015,2,2015
Office Supplies,11/11/2016,9,2016
Office Supplies,11/11/2017,12,2017
Office Supplies,11/12/2015,10,2015
Office Supplies,11/12/2016,16,2016
Office Supplies,11/12/2017,12,2017
Office Supplies,12/01/2015,2,2015
Office Supplies,12/01/2017,3,2017
Office Supplies,12/02/2016,2,2016
Office Supplies,12/03/2015,2,2015
Office Supplies,12/03/2016,6,2016
Office Supplies,12/03/2017,2,2017
Office Supplies,12/04/2014,3,2014
Office Supplies,12/04/2015,1,2015
Office Supplies,12/04/2016,8,2016
Office Supplies,12/04/2017,2,2017
Office Supplies,12/05/2015,5,2015
Office Supplies,12/05/2016,4,2016
Office Supplies,12/05/2017,10,2017
Office Supplies,12/06/2015,3,2015
Office Supplies,12/06/2016,17,2016
Office Supplies,12/06/2017,5,2017
Office Supplies,12/07/2014,7,2014
Office Supplies,12/07/2015,2,2015
Office Supplies,12/07/2017,1,2017
Office Supplies,12/08/2014,7,2014
Office Supplies,12/08/2016,3,2016
Office Supplies,12/08/2017,7,2017
Office Supplies,12/09/2014,6,2014
Office Supplies,12/09/2015,7,2015
Office Supplies,12/09/2016,7,2016
Office Supplies,12/09/2017,6,2017
Office Supplies,12/10/2014,3,2014
Office Supplies,12/10/2015,4,2015
Office Supplies,12/10/2017,7,2017
Office Supplies,12/11/2014,6,2014
Office Supplies,12/11/2015,8,2015
Office Supplies,12/11/2016,9,2016
Office Supplies,12/11/2017,19,2017
Office Supplies,12/12/2014,3,2014
Office Supplies,12/12/2015,10,2015
Office Supplies,12/12/2016,7,2016
Office Supplies,13/01/2014,8,2014
Office Supplies,13/01/2015,2,2015
Office Supplies,13/01/2017,3,2017
Office Supplies,13/02/2016,1,2016
Office Supplies,13/02/2017,5,2017
Office Supplies,13/03/2016,12,2016
Office Supplies,13/03/2017,12,2017
Office Supplies,13/04/2014,4,2014
Office Supplies,13/04/2015,6,2015
Office Supplies,13/04/2016,1,2016
Office Supplies,13/04/2017,3,2017
Office Supplies,13/05/2014,4,2014
Office Supplies,13/05/2015,1,2015
Office Supplies,13/05/2017,7,2017
Office Supplies,13/06/2014,1,2014
Office Supplies,13/06/2015,8,2015
Office Supplies,13/06/2016,2,2016
Office Supplies,13/06/2017,2,2017
Office Supplies,13/07/2015,4,2015
Office Supplies,13/07/2017,2,2017
Office Supplies,13/08/2015,5,2015
Office Supplies,13/08/2016,8,2016
Office Supplies,13/08/2017,10,2017
Office Supplies,13/09/2014,9,2014
Office Supplies,13/09/2015,6,2015
Office Supplies,13/09/2016,7,2016
Office Supplies,13/09/2017,1,2017
Office Supplies,13/10/2014,7,2014
Office Supplies,13/10/2016,13,2016
Office Supplies,13/10/2017,11,2017
Office Supplies,13/11/2015,9,2015
Office Supplies,13/11/2016,9,2016
Office Supplies,13/11/2017,11,2017
Office Supplies,13/12/2014,4,2014
Office Supplies,13/12/2015,6,2015
Office Supplies,13/12/2016,2,2016
Office Supplies,13/12/2017,4,2017
Office Supplies,14/01/2016,1,2016
Office Supplies,14/01/2017,11,2017
Office Supplies,14/02/2014,3,2014
Office Supplies,14/02/2015,4,2015
Office Supplies,14/02/2016,3,2016
Office Supplies,14/03/2014,8,2014
Office Supplies,14/03/2015,3,2015
Office Supplies,14/03/2016,3,2016
Office Supplies,14/04/2015,1,2015
Office Supplies,14/04/2016,3,2016
Office Supplies,14/04/2017,5,2017
Office Supplies,14/05/2015,8,2015
Office Supplies,14/05/2016,5,2016
Office Supplies,14/05/2017,14,2017
Office Supplies,14/06/2016,3,2016
Office Supplies,14/07/2014,5,2014
Office Supplies,14/07/2015,2,2015
Office Supplies,14/07/2016,11,2016
Office Supplies,14/07/2017,7,2017
Office Supplies,14/08/2016,2,2016
Office Supplies,14/08/2017,2,2017
Office Supplies,14/09/2014,12,2014
Office Supplies,14/09/2015,4,2015
Office Supplies,14/09/2016,2,2016
Office Supplies,14/09/2017,11,2017
Office Supplies,14/10/2014,7,2014
Office Supplies,14/10/2016,5,2016
Office Supplies,14/10/2017,3,2017
Office Supplies,14/11/2014,6,2014
Office Supplies,14/11/2015,5,2015
Office Supplies,14/11/2016,8,2016
Office Supplies,14/11/2017,7,2017
Office Supplies,14/12/2014,4,2014
Office Supplies,14/12/2015,6,2015
Office Supplies,14/12/2016,6,2016
Office Supplies,14/12/2017,6,2017
Office Supplies,15/01/2016,6,2016
Office Supplies,15/01/2017,6,2017
Office Supplies,15/02/2014,1,2014
Office Supplies,15/02/2015,5,2015
Office Supplies,15/02/2016,2,2016
Office Supplies,15/03/2014,4,2014
Office Supplies,15/03/2016,4,2016
Office Supplies,15/04/2014,1,2014
Office Supplies,15/04/2016,5,2016
Office Supplies,15/04/2017,5,2017
Office Supplies,15/05/2015,2,2015
Office Supplies,15/05/2016,6,2016
Office Supplies,15/05/2017,3,2017
Office Supplies,15/06/2014,2,2014
Office Supplies,15/06/2015,2,2015
Office Supplies,15/06/2016,1,2016
Office Supplies,15/06/2017,8,2017
Office Supplies,15/07/2014,1,2014
Office Supplies,15/07/2016,2,2016
Office Supplies,15/07/2017,6,2017
Office Supplies,15/08/2014,8,2014
Office Supplies,15/08/2015,2,2015
Office Supplies,15/08/2016,5,2016
Office Supplies,15/08/2017,3,2017
Office Supplies,15/09/2014,1,2014
Office Supplies,15/09/2015,8,2015
Office Supplies,15/09/2016,6,2016
Office Supplies,15/09/2017,13,2017
Office Supplies,15/10/2014,1,2014
Office Supplies,15/10/2015,3,2015
Office Supplies,15/10/2016,12,2016
Office Supplies,15/10/2017,6,2017
Office Supplies,15/11/2014,6,2014
Office Supplies,15/11/2015,7,2015
Office Supplies,15/11/2016,2,2016
Office Supplies,15/12/2015,3,2015
Office Supplies,15/12/2016,4,2016
Office Supplies,15/12/2017,3,2017
Office Supplies,16/01/2014,2,2014
Office Supplies,16/01/2016,1,2016
Office Supplies,16/01/2017,2,2017
Office Supplies,16/02/2014,2,2014
Office Supplies,16/02/2015,3,2015
Office Supplies,16/02/2016,4,2016
Office Supplies,16/02/2017,5,2017
Office Supplies,16/03/2015,7,2015
Office Supplies,16/03/2017,8,2017
Office Supplies,16/04/2014,1,2014
Office Supplies,16/04/2015,7,2015
Office Supplies,16/04/2016,4,2016
Office Supplies,16/04/2017,8,2017
Office Supplies,16/05/2016,3,2016
Office Supplies,16/05/2017,1,2017
Office Supplies,16/06/2014,3,2014
Office Supplies,16/06/2015,4,2015
Office Supplies,16/06/2016,2,2016
Office Supplies,16/06/2017,8,2017
Office Supplies,16/07/2015,3,2015
Office Supplies,16/07/2016,8,2016
Office Supplies,16/07/2017,1,2017
Office Supplies,16/08/2015,8,2015
Office Supplies,16/08/2016,2,2016
Office Supplies,16/08/2017,2,2017
Office Supplies,16/09/2014,1,2014
Office Supplies,16/09/2015,1,2015
Office Supplies,16/09/2016,2,2016
Office Supplies,16/09/2017,8,2017
Office Supplies,16/10/2014,1,2014
Office Supplies,16/10/2017,2,2017
Office Supplies,16/11/2014,6,2014
Office Supplies,16/11/2015,4,2015
Office Supplies,16/11/2016,2,2016
Office Supplies,16/11/2017,8,2017
Office Supplies,16/12/2014,4,2014
Office Supplies,16/12/2015,1,2015
Office Supplies,16/12/2016,3,2016
Office Supplies,16/12/2017,8,2017
Office Supplies,17/01/2015,2,2015
Office Supplies,17/02/2014,1,2014
Office Supplies,17/02/2017,4,2017
Office Supplies,17/03/2014,16,2014
Office Supplies,17/03/2015,1,2015
Office Supplies,17/03/2016,4,2016
Office Supplies,17/03/2017,10,2017
Office Supplies,17/04/2015,5,2015
Office Supplies,17/04/2016,1,2016
Office Supplies,17/04/2017,9,2017
Office Supplies,17/05/2014,1,2014
Office Supplies,17/05/2015,4,2015
Office Supplies,17/05/2016,7,2016
Office Supplies,17/06/2014,3,2014
Office Supplies,17/06/2016,11,2016
Office Supplies,17/06/2017,6,2017
Office Supplies,17/07/2015,2,2015
Office Supplies,17/07/2016,12,2016
Office Supplies,17/07/2017,4,2017
Office Supplies,17/08/2014,4,2014
Office Supplies,17/08/2015,3,2015
Office Supplies,17/08/2016,1,2016
Office Supplies,17/08/2017,11,2017
Office Supplies,17/09/2014,10,2014
Office Supplies,17/09/2015,12,2015
Office Supplies,17/09/2016,6,2016
Office Supplies,17/09/2017,11,2017
Office Supplies,17/10/2014,1,2014
Office Supplies,17/10/2015,1,2015
Office Supplies,17/10/2016,3,2016
Office Supplies,17/10/2017,3,2017
Office Supplies,17/11/2014,8,2014
Office Supplies,17/11/2015,6,2015
Office Supplies,17/11/2016,3,2016
Office Supplies,17/11/2017,9,2017
Office Supplies,17/12/2014,2,2014
Office Supplies,17/12/2015,6,2015
Office Supplies,17/12/2016,5,2016
Office Supplies,17/12/2017,11,2017
Office Supplies,18/01/2014,1,2014
Office Supplies,18/02/2014,1,2014
Office Supplies,18/02/2015,2,2015
Office Supplies,18/02/2017,1,2017
Office Supplies,18/03/2014,4,2014
Office Supplies,18/03/2016,1,2016
Office Supplies,18/03/2017,7,2017
Office Supplies,18/04/2014,5,2014
Office Supplies,18/04/2015,11,2015
Office Supplies,18/04/2016,6,2016
Office Supplies,18/05/2014,2,2014
Office Supplies,18/05/2015,1,2015
Office Supplies,18/05/2016,2,2016
Office Supplies,18/05/2017,8,2017
Office Supplies,18/06/2015,10,2015
Office Supplies,18/06/2016,4,2016
Office Supplies,18/06/2017,2,2017
Office Supplies,18/07/2014,1,2014
Office Supplies,18/07/2015,2,2015
Office Supplies,18/07/2016,7,2016
Office Supplies,18/07/2017,3,2017
Office Supplies,18/08/2016,3,2016
Office Supplies,18/08/2017,9,2017
Office Supplies,18/09/2015,10,2015
Office Supplies,18/09/2016,6,2016
Office Supplies,18/09/2017,15,2017
Office Supplies,18/10/2014,6,2014
Office Supplies,18/10/2015,2,2015
Office Supplies,18/11/2014,10,2014
Office Supplies,18/11/2016,7,2016
Office Supplies,18/11/2017,16,2017
Office Supplies,18/12/2015,5,2015
Office Supplies,18/12/2016,11,2016
Office Supplies,18/12/2017,14,2017
Office Supplies,19/01/2014,3,2014
Office Supplies,19/01/2017,6,2017
Office Supplies,19/02/2016,4,2016
Office Supplies,19/02/2017,3,2017
Office Supplies,19/03/2014,3,2014
Office Supplies,19/03/2015,10,2015
Office Supplies,19/03/2016,1,2016
Office Supplies,19/03/2017,6,2017
Office Supplies,19/04/2014,2,2014
Office Supplies,19/04/2015,2,2015
Office Supplies,19/04/2016,12,2016
Office Supplies,19/05/2014,2,2014
Office Supplies,19/05/2016,6,2016
Office Supplies,19/05/2017,11,2017
Office Supplies,19/06/2015,5,2015
Office Supplies,19/06/2016,1,2016
Office Supplies,19/06/2017,10,2017
Office Supplies,19/07/2014,3,2014
Office Supplies,19/07/2015,1,2015
Office Supplies,19/07/2016,4,2016
Office Supplies,19/08/2014,5,2014
Office Supplies,19/08/2016,3,2016
Office Supplies,19/08/2017,4,2017
Office Supplies,19/09/2014,4,2014
Office Supplies,19/09/2015,2,2015
Office Supplies,19/09/2016,12,2016
Office Supplies,19/09/2017,9,2017
Office Supplies,19/10/2014,5,2014
Office Supplies,19/10/2015,4,2015
Office Supplies,19/10/2017,9,2017
Office Supplies,19/11/2014,6,2014
Office Supplies,19/11/2015,2,2015
Office Supplies,19/11/2016,15,2016
Office Supplies,19/11/2017,16,2017
Office Supplies,19/12/2014,7,2014
Office Supplies,19/12/2015,8,2015
Office Supplies,19/12/2016,5,2016
Office Supplies,19/12/2017,3,2017
Office Supplies,20/01/2014,11,2014
Office Supplies,20/01/2017,3,2017
Office Supplies,20/02/2014,1,2014
Office Supplies,20/02/2015,1,2015
Office Supplies,20/02/2016,1,2016
Office Supplies,20/02/2017,5,2017
Office Supplies,20/03/2015,8,2015
Office Supplies,20/03/2016,3,2016
Office Supplies,20/03/2017,3,2017
Office Supplies,20/04/2014,1,2014
Office Supplies,20/04/2015,3,2015
Office Supplies,20/04/2017,7,2017
Office Supplies,20/05/2014,4,2014
Office Supplies,20/05/2015,1,2015
Office Supplies,20/05/2016,3,2016
Office Supplies,20/05/2017,8,2017
Office Supplies,20/06/2014,6,2014
Office Supplies,20/06/2016,11,2016
Office Supplies,20/06/2017,6,2017
Office Supplies,20/07/2014,11,2014
Office Supplies,20/07/2015,6,2015
Office Supplies,20/07/2017,7,2017
Office Supplies,20/08/2014,2,2014
Office Supplies,20/08/2017,5,2017
Office Supplies,20/09/2014,8,2014
Office Supplies,20/09/2015,7,2015
Office Supplies,20/09/2016,7,2016
Office Supplies,20/09/2017,5,2017
Office Supplies,20/10/2014,6,2014
Office Supplies,20/10/2015,1,2015
Office Supplies,20/10/2016,5,2016
Office Supplies,20/10/2017,12,2017
Office Supplies,20/11/2014,3,2014
Office Supplies,20/11/2015,14,2015
Office Supplies,20/11/2016,12,2016
Office Supplies,20/11/2017,6,2017
Office Supplies,20/12/2014,14,2014
Office Supplies,20/12/2015,6,2015
Office Supplies,20/12/2016,2,2016
Office Supplies,20/12/2017,5,2017
Office Supplies,21/01/2017,9,2017
Office Supplies,21/02/2014,1,2014
Office Supplies,21/02/2015,2,2015
Office Supplies,21/02/2016,7,2016
Office Supplies,21/03/2014,8,2014
Office Supplies,21/03/2015,3,2015
Office Supplies,21/03/2016,3,2016
Office Supplies,21/03/2017,10,2017
Office Supplies,21/04/2014,2,2014
Office Supplies,21/04/2015,1,2015
Office Supplies,21/04/2016,6,2016
Office Supplies,21/04/2017,4,2017
Office Supplies,21/05/2014,8,2014
Office Supplies,21/05/2015,3,2015
Office Supplies,21/05/2016,4,2016
Office Supplies,21/05/2017,1,2017
Office Supplies,21/06/2014,10,2014
Office Supplies,21/06/2016,3,2016
Office Supplies,21/06/2017,4,2017
Office Supplies,21/07/2014,4,2014
Office Supplies,21/07/2016,8,2016
Office Supplies,21/07/2017,15,2017
Office Supplies,21/08/2015,11,2015
Office Supplies,21/08/2016,6,2016
Office Supplies,21/08/2017,14,2017
Office Supplies,21/09/2014,12,2014
Office Supplies,21/09/2015,9,2015
Office Supplies,21/09/2017,6,2017
Office Supplies,21/10/2014,4,2014
Office Supplies,21/10/2016,13,2016
Office Supplies,21/10/2017,11,2017
Office Supplies,21/11/2014,6,2014
Office Supplies,21/11/2015,11,2015
Office Supplies,21/11/2016,5,2016
Office Supplies,21/11/2017,10,2017
Office Supplies,21/12/2014,2,2014
Office Supplies,21/12/2015,4,2015
Office Supplies,21/12/2017,8,2017
Office Supplies,22/01/2016,6,2016
Office Supplies,22/01/2017,5,2017
Office Supplies,22/02/2014,1,2014
Office Supplies,22/02/2015,1,2015
Office Supplies,22/02/2016,2,2016
Office Supplies,22/03/2014,4,2014
Office Supplies,22/03/2015,5,2015
Office Supplies,22/04/2014,2,2014
Office Supplies,22/04/2015,1,2015
Office Supplies,22/04/2016,6,2016
Office Supplies,22/04/2017,1,2017
Office Supplies,22/05/2015,2,2015
Office Supplies,22/05/2016,3,2016
Office Supplies,22/05/2017,5,2017
Office Supplies,22/06/2014,3,2014
Office Supplies,22/06/2015,2,2015
Office Supplies,22/06/2017,5,2017
Office Supplies,22/07/2014,5,2014
Office Supplies,22/07/2016,9,2016
Office Supplies,22/08/2014,3,2014
Office Supplies,22/08/2015,2,2015
Office Supplies,22/08/2016,7,2016
Office Supplies,22/09/2014,6,2014
Office Supplies,22/09/2015,8,2015
Office Supplies,22/09/2016,9,2016
Office Supplies,22/09/2017,14,2017
Office Supplies,22/10/2015,2,2015
Office Supplies,22/10/2016,2,2016
Office Supplies,22/10/2017,5,2017
Office Supplies,22/11/2014,8,2014
Office Supplies,22/11/2015,11,2015
Office Supplies,22/11/2016,8,2016
Office Supplies,22/11/2017,1,2017
Office Supplies,22/12/2014,6,2014
Office Supplies,22/12/2015,2,2015
Office Supplies,22/12/2016,3,2016
Office Supplies,22/12/2017,14,2017
Office Supplies,23/01/2014,2,2014
Office Supplies,23/01/2015,2,2015
Office Supplies,23/01/2016,2,2016
Office Supplies,23/01/2017,4,2017
Office Supplies,23/02/2014,2,2014
Office Supplies,23/02/2015,2,2015
Office Supplies,23/02/2016,1,2016
Office Supplies,23/02/2017,2,2017
Office Supplies,23/03/2014,2,2014
Office Supplies,23/03/2015,4,2015
Office Supplies,23/03/2017,6,2017
Office Supplies,23/04/2014,3,2014
Office Supplies,23/04/2016,7,2016
Office Supplies,23/04/2017,8,2017
Office Supplies,23/05/2014,6,2014
Office Supplies,23/05/2015,5,2015
Office Supplies,23/05/2016,3,2016
Office Supplies,23/05/2017,4,2017
Office Supplies,23/06/2014,2,2014
Office Supplies,23/06/2015,2,2015
Office Supplies,23/06/2016,10,2016
Office Supplies,23/07/2014,3,2014
Office Supplies,23/07/2015,2,2015
Office Supplies,23/07/2016,8,2016
Office Supplies,23/07/2017,8,2017
Office Supplies,23/08/2014,8,2014
Office Supplies,23/08/2015,10,2015
Office Supplies,23/08/2016,11,2016
Office Supplies,23/08/2017,3,2017
Office Supplies,23/09/2014,10,2014
Office Supplies,23/09/2016,9,2016
Office Supplies,23/09/2017,13,2017
Office Supplies,23/10/2015,7,2015
Office Supplies,23/10/2016,3,2016
Office Supplies,23/10/2017,9,2017
Office Supplies,23/11/2014,6,2014
Office Supplies,23/11/2015,9,2015
Office Supplies,23/11/2016,1,2016
Office Supplies,23/11/2017,9,2017
Office Supplies,23/12/2014,7,2014
Office Supplies,23/12/2015,1,2015
Office Supplies,23/12/2016,11,2016
Office Supplies,23/12/2017,11,2017
Office Supplies,24/01/2015,1,2015
Office Supplies,24/01/2016,1,2016
Office Supplies,24/01/2017,3,2017
Office Supplies,24/02/2014,2,2014
Office Supplies,24/02/2017,2,2017
Office Supplies,24/03/2014,1,2014
Office Supplies,24/03/2015,1,2015
Office Supplies,24/03/2016,2,2016
Office Supplies,24/03/2017,3,2017
Office Supplies,24/04/2015,1,2015
Office Supplies,24/04/2016,3,2016
Office Supplies,24/04/2017,7,2017
Office Supplies,24/05/2014,1,2014
Office Supplies,24/05/2015,1,2015
Office Supplies,24/05/2016,3,2016
Office Supplies,24/06/2016,3,2016
Office Supplies,24/06/2017,8,2017
Office Supplies,24/07/2015,2,2015
Office Supplies,24/07/2016,1,2016
Office Supplies,24/08/2014,3,2014
Office Supplies,24/08/2015,6,2015
Office Supplies,24/08/2017,4,2017
Office Supplies,24/09/2014,1,2014
Office Supplies,24/09/2015,13,2015
Office Supplies,24/09/2016,7,2016
Office Supplies,24/09/2017,11,2017
Office Supplies,24/10/2014,3,2014
Office Supplies,24/10/2015,3,2015
Office Supplies,24/10/2016,1,2016
Office Supplies,24/10/2017,1,2017
Office Supplies,24/11/2014,11,2014
Office Supplies,24/11/2015,8,2015
Office Supplies,24/11/2016,14,2016
Office Supplies,24/11/2017,18,2017
Office Supplies,24/12/2014,5,2014
Office Supplies,24/12/2015,11,2015
Office Supplies,24/12/2016,4,2016
Office Supplies,24/12/2017,9,2017
Office Supplies,25/01/2016,4,2016
Office Supplies,25/02/2015,2,2015
Office Supplies,25/02/2016,1,2016
Office Supplies,25/02/2017,1,2017
Office Supplies,25/03/2014,3,2014
Office Supplies,25/03/2016,1,2016
Office Supplies,25/03/2017,6,2017
Office Supplies,25/04/2014,3,2014
Office Supplies,25/04/2015,6,2015
Office Supplies,25/04/2016,2,2016
Office Supplies,25/04/2017,6,2017
Office Supplies,25/05/2014,2,2014
Office Supplies,25/05/2015,5,2015
Office Supplies,25/05/2016,2,2016
Office Supplies,25/05/2017,4,2017
Office Supplies,25/06/2014,2,2014
Office Supplies,25/06/2015,8,2015
Office Supplies,25/06/2016,3,2016
Office Supplies,25/06/2017,3,2017
Office Supplies,25/07/2014,4,2014
Office Supplies,25/07/2015,4,2015
Office Supplies,25/07/2016,10,2016
Office Supplies,25/07/2017,5,2017
Office Supplies,25/08/2014,11,2014
Office Supplies,25/08/2015,2,2015
Office Supplies,25/08/2017,4,2017
Office Supplies,25/09/2014,4,2014
Office Supplies,25/09/2015,14,2015
Office Supplies,25/09/2016,12,2016
Office Supplies,25/09/2017,9,2017
Office Supplies,25/10/2014,2,2014
Office Supplies,25/10/2015,2,2015
Office Supplies,25/11/2014,8,2014
Office Supplies,25/11/2015,1,2015
Office Supplies,25/11/2016,5,2016
Office Supplies,25/11/2017,7,2017
Office Supplies,25/12/2015,9,2015
Office Supplies,25/12/2016,4,2016
Office Supplies,25/12/2017,14,2017
Office Supplies,26/01/2014,4,2014
Office Supplies,26/01/2015,1,2015
Office Supplies,26/01/2017,4,2017
Office Supplies,26/02/2017,5,2017
Office Supplies,26/03/2014,3,2014
Office Supplies,26/03/2015,4,2015
Office Supplies,26/03/2016,4,2016
Office Supplies,26/03/2017,5,2017
Office Supplies,26/04/2014,3,2014
Office Supplies,26/04/2015,4,2015
Office Supplies,26/04/2017,2,2017
Office Supplies,26/05/2014,3,2014
Office Supplies,26/05/2015,3,2015
Office Supplies,26/05/2016,10,2016
Office Supplies,26/05/2017,3,2017
Office Supplies,26/06/2015,4,2015
Office Supplies,26/06/2016,10,2016
Office Supplies,26/06/2017,9,2017
Office Supplies,26/07/2014,6,2014
Office Supplies,26/07/2015,5,2015
Office Supplies,26/08/2014,3,2014
Office Supplies,26/08/2016,9,2016
Office Supplies,26/08/2017,1,2017
Office Supplies,26/09/2014,8,2014
Office Supplies,26/09/2015,14,2015
Office Supplies,26/09/2016,12,2016
Office Supplies,26/09/2017,5,2017
Office Supplies,26/10/2015,6,2015
Office Supplies,26/10/2017,6,2017
Office Supplies,26/11/2014,11,2014
Office Supplies,26/11/2015,4,2015
Office Supplies,26/11/2016,10,2016
Office Supplies,26/11/2017,6,2017
Office Supplies,26/12/2014,10,2014
Office Supplies,26/12/2015,2,2015
Office Supplies,26/12/2016,8,2016
Office Supplies,26/12/2017,4,2017
Office Supplies,27/01/2014,2,2014
Office Supplies,27/01/2017,1,2017
Office Supplies,27/02/2014,1,2014
Office Supplies,27/02/2015,2,2015
Office Supplies,27/02/2016,2,2016
Office Supplies,27/03/2015,1,2015
Office Supplies,27/03/2016,1,2016
Office Supplies,27/03/2017,7,2017
Office Supplies,27/04/2015,3,2015
Office Supplies,27/04/2017,4,2017
Office Supplies,27/05/2014,2,2014
Office Supplies,27/05/2016,4,2016
Office Supplies,27/05/2017,5,2017
Office Supplies,27/06/2014,1,2014
Office Supplies,27/06/2016,1,2016
Office Supplies,27/06/2017,2,2017
Office Supplies,27/07/2014,2,2014
Office Supplies,27/07/2017,2,2017
Office Supplies,27/08/2014,3,2014
Office Supplies,27/08/2015,5,2015
Office Supplies,27/08/2016,11,2016
Office Supplies,27/08/2017,12,2017
Office Supplies,27/09/2014,1,2014
Office Supplies,27/09/2015,8,2015
Office Supplies,27/09/2016,3,2016
Office Supplies,27/10/2014,2,2014
Office Supplies,27/10/2016,6,2016
Office Supplies,27/10/2017,7,2017
Office Supplies,27/11/2014,1,2014
Office Supplies,27/11/2015,6,2015
Office Supplies,27/11/2016,8,2016
Office Supplies,27/11/2017,8,2017
Office Supplies,27/12/2014,11,2014
Office Supplies,27/12/2015,11,2015
Office Supplies,27/12/2016,5,2016
Office Supplies,27/12/2017,1,2017
Office Supplies,28/01/2014,1,2014
Office Supplies,28/01/2016,1,2016
Office Supplies,28/01/2017,1,2017
Office Supplies,28/02/2016,1,2016
Office Supplies,28/02/2017,2,2017
Office Supplies,28/03/2014,1,2014
Office Supplies,28/03/2015,4,2015
Office Supplies,28/03/2016,3,2016
Office Supplies,28/03/2017,5,2017
Office Supplies,28/04/2014,7,2014
Office Supplies,28/04/2015,5,2015
Office Supplies,28/04/2016,2,2016
Office Supplies,28/04/2017,3,2017
Office Supplies,28/05/2014,1,2014
Office Supplies,28/05/2015,8,2015
Office Supplies,28/05/2016,6,2016
Office Supplies,28/05/2017,4,2017
Office Supplies,28/06/2014,5,2014
Office Supplies,28/06/2015,4,2015
Office Supplies,28/06/2016,6,2016
Office Supplies,28/07/2014,2,2014
Office Supplies,28/07/2016,5,2016
Office Supplies,28/07/2017,2,2017
Office Supplies,28/08/2015,4,2015
Office Supplies,28/08/2016,4,2016
Office Supplies,28/08/2017,6,2017
Office Supplies,28/09/2014,3,2014
Office Supplies,28/09/2015,9,2015
Office Supplies,28/09/2016,1,2016
Office Supplies,28/09/2017,7,2017
Office Supplies,28/10/2014,4,2014
Office Supplies,28/10/2015,2,2015
Office Supplies,28/10/2016,11,2016
Office Supplies,28/10/2017,5,2017
Office Supplies,28/11/2014,9,2014
Office Supplies,28/11/2015,7,2015
Office Supplies,28/11/2016,7,2016
Office Supplies,28/11/2017,6,2017
Office Supplies,28/12/2014,6,2014
Office Supplies,28/12/2015,1,2015
Office Supplies,28/12/2017,12,2017
Office Supplies,29/01/2017,9,2017
Office Supplies,29/02/2016,1,2016
Office Supplies,29/03/2015,5,2015
Office Supplies,29/03/2016,4,2016
Office Supplies,29/03/2017,1,2017
Office Supplies,29/04/2014,2,2014
Office Supplies,29/04/2015,1,2015
Office Supplies,29/04/2017,1,2017
Office Supplies,29/05/2015,6,2015
Office Supplies,29/05/2016,3,2016
Office Supplies,29/05/2017,6,2017
Office Supplies,29/06/2014,2,2014
Office Supplies,29/06/2015,1,2015
Office Supplies,29/06/2016,1,2016
Office Supplies,29/06/2017,10,2017
Office Supplies,29/07/2016,4,2016
Office Supplies,29/07/2017,6,2017
Office Supplies,29/08/2014,4,2014
Office Supplies,29/08/2016,5,2016
Office Supplies,29/08/2017,4,2017
Office Supplies,29/09/2014,12,2014
Office Supplies,29/09/2016,7,2016
Office Supplies,29/09/2017,14,2017
Office Supplies,29/10/2014,1,2014
Office Supplies,29/10/2015,2,2015
Office Supplies,29/10/2016,3,2016
Office Supplies,29/10/2017,1,2017
Office Supplies,29/11/2014,4,2014
Office Supplies,29/11/2015,7,2015
Office Supplies,29/12/2014,7,2014
Office Supplies,29/12/2015,1,2015
Office Supplies,29/12/2016,10,2016
Office Supplies,29/12/2017,5,2017
Office Supplies,30/01/2014,2,2014
Office Supplies,30/01/2015,1,2015
Office Supplies,30/01/2016,6,2016
Office Supplies,30/01/2017,9,2017
Office Supplies,30/03/2014,6,2014
Office Supplies,30/03/2015,1,2015
Office Supplies,30/03/2016,1,2016
Office Supplies,30/03/2017,4,2017
Office Supplies,30/04/2014,2,2014
Office Supplies,30/04/2015,2,2015
Office Supplies,30/04/2016,1,2016
Office Supplies,30/04/2017,13,2017
Office Supplies,30/05/2014,5,2014
Office Supplies,30/05/2015,1,2015
Office Supplies,30/05/2016,15,2016
Office Supplies,30/05/2017,3,2017
Office Supplies,30/06/2014,8,2014
Office Supplies,30/06/2016,1,2016
Office Supplies,30/06/2017,4,2017
Office Supplies,30/07/2015,2,2015
Office Supplies,30/07/2016,4,2016
Office Supplies,30/07/2017,3,2017
Office Supplies,30/08/2014,2,2014
Office Supplies,30/08/2016,3,2016
Office Supplies,30/09/2014,5,2014
Office Supplies,30/09/2016,1,2016
Office Supplies,30/09/2017,6,2017
Office Supplies,30/10/2015,1,2015
Office Supplies,30/10/2016,4,2016
Office Supplies,30/10/2017,12,2017
Office Supplies,30/11/2014,3,2014
Office Supplies,30/11/2015,9,2015
Office Supplies,30/11/2016,3,2016
Office Supplies,30/11/2017,7,2017
Office Supplies,30/12/2014,7,2014
Office Supplies,30/12/2015,3,2015
Office Supplies,30/12/2016,7,2016
Office Supplies,30/12/2017,5,2017
Office Supplies,31/01/2015,2,2015
Office Supplies,31/01/2016,5,2016
Office Supplies,31/03/2014,7,2014
Office Supplies,31/03/2015,1,2015
Office Supplies,31/03/2017,6,2017
Office Supplies,31/05/2015,12,2015
Office Supplies,31/05/2016,3,2016
Office Supplies,31/07/2015,2,2015
Office Supplies,31/07/2016,1,2016
Office Supplies,31/07/2017,7,2017
Office Supplies,31/08/2015,3,2015
Office Supplies,31/08/2016,1,2016
Office Supplies,31/08/2017,8,2017
Office Supplies,31/10/2014,10,2014
Office Supplies,31/10/2015,14,2015
Office Supplies,31/10/2016,5,2016
Office Supplies,31/10/2017,2,2017
Office Supplies,31/12/2014,5,2014
Office Supplies,31/12/2015,10,2015
Office Supplies,31/12/2016,6,2016
Technology,01/02/2014,1,2014
Technology,01/03/2014,1,2014
Technology,01/03/2015,2,2015
Technology,01/03/2016,2,2016
Technology,01/04/2016,2,2016
Technology,01/04/2017,2,2017
Technology,01/05/2015,1,2015
Technology,01/05/2017,1,2017
Technology,01/06/2014,1,2014
Technology,01/06/2015,2,2015
Technology,01/06/2017,3,2017
Technology,01/07/2014,1,2014
Technology,01/07/2016,2,2016
Technology,01/08/2016,1,2016
Technology,01/08/2017,3,2017
Technology,01/09/2014,1,2014
Technology,01/09/2015,1,2015
Technology,01/09/2016,5,2016
Technology,01/09/2017,1,2017
Technology,01/10/2015,3,2015
Technology,01/10/2016,2,2016
Technology,01/10/2017,2,2017
Technology,01/11/2014,3,2014
Technology,01/11/2015,5,2015
Technology,01/11/2016,2,2016
Technology,01/12/2014,3,2014
Technology,01/12/2016,3,2016
Technology,01/12/2017,7,2017
Technology,02/01/2015,3,2015
Technology,02/01/2016,1,2016
Technology,02/01/2017,2,2017
Technology,02/02/2014,1,2014
Technology,02/02/2016,1,2016
Technology,02/02/2017,2,2017
Technology,02/03/2014,1,2014
Technology,02/03/2017,2,2017
Technology,02/04/2014,1,2014
Technology,02/04/2015,4,2015
Technology,02/04/2017,1,2017
Technology,02/05/2014,1,2014
Technology,02/05/2015,1,2015
Technology,02/05/2017,1,2017
Technology,02/06/2014,1,2014
Technology,02/06/2017,1,2017
Technology,02/07/2014,1,2014
Technology,02/07/2015,1,2015
Technology,02/08/2014,1,2014
Technology,02/08/2015,3,2015
Technology,02/08/2016,1,2016
Technology,02/09/2014,3,2014
Technology,02/09/2016,5,2016
Technology,02/09/2017,7,2017
Technology,02/10/2014,3,2014
Technology,02/10/2015,3,2015
Technology,02/10/2016,1,2016
Technology,02/10/2017,3,2017
Technology,02/11/2014,7,2014
Technology,02/11/2015,2,2015
Technology,02/11/2017,2,2017
Technology,02/12/2014,3,2014
Technology,02/12/2016,2,2016
Technology,02/12/2017,6,2017
Technology,03/01/2015,1,2015
Technology,03/01/2016,3,2016
Technology,03/02/2015,1,2015
Technology,03/03/2014,1,2014
Technology,03/03/2016,5,2016
Technology,03/03/2017,2,2017
Technology,03/04/2014,2,2014
Technology,03/04/2016,1,2016
Technology,03/05/2015,2,2015
Technology,03/05/2016,3,2016
Technology,03/06/2017,6,2017
Technology,03/07/2017,9,2017
Technology,03/08/2016,1,2016
Technology,03/08/2017,1,2017
Technology,03/09/2015,3,2015
Technology,03/09/2016,1,2016
Technology,03/09/2017,2,2017
Technology,03/10/2014,1,2014
Technology,03/10/2015,2,2015
Technology,03/10/2017,1,2017
Technology,03/11/2014,2,2014
Technology,03/11/2015,2,2015
Technology,03/11/2016,3,2016
Technology,03/11/2017,5,2017
Technology,03/12/2014,1,2014
Technology,03/12/2015,3,2015
Technology,03/12/2016,1,2016
Technology,03/12/2017,4,2017
Technology,04/01/2016,1,2016
Technology,04/02/2016,1,2016
Technology,04/03/2016,1,2016
Technology,04/04/2014,1,2014
Technology,04/04/2015,2,2015
Technology,04/04/2016,2,2016
Technology,04/04/2017,3,2017
Technology,04/05/2015,1,2015
Technology,04/05/2017,1,2017
Technology,04/06/2015,2,2015
Technology,04/06/2016,2,2016
Technology,04/06/2017,1,2017
Technology,04/07/2015,1,2015
Technology,04/07/2016,2,2016
Technology,04/08/2014,2,2014
Technology,04/08/2016,1,2016
Technology,04/09/2015,2,2015
Technology,04/09/2016,2,2016
Technology,04/09/2017,4,2017
Technology,04/10/2016,2,2016
Technology,04/11/2014,5,2014
Technology,04/11/2016,1,2016
Technology,04/11/2017,5,2017
Technology,04/12/2014,1,2014
Technology,04/12/2015,3,2015
Technology,04/12/2016,1,2016
Technology,04/12/2017,4,2017
Technology,05/01/2016,2,2016
Technology,05/02/2016,3,2016
Technology,05/02/2017,1,2017
Technology,05/03/2014,1,2014
Technology,05/03/2015,4,2015
Technology,05/03/2017,1,2017
Technology,05/04/2014,1,2014
Technology,05/04/2015,3,2015
Technology,05/04/2016,1,2016
Technology,05/05/2016,2,2016
Technology,05/06/2017,1,2017
Technology,05/07/2014,1,2014
Technology,05/07/2015,1,2015
Technology,05/07/2017,1,2017
Technology,05/08/2014,2,2014
Technology,05/08/2017,1,2017
Technology,05/09/2016,4,2016
Technology,05/09/2017,1,2017
Technology,05/10/2014,1,2014
Technology,05/10/2015,2,2015
Technology,05/10/2017,5,2017
Technology,05/11/2014,3,2014
Technology,05/11/2016,5,2016
Technology,05/11/2017,4,2017
Technology,05/12/2014,4,2014
Technology,05/12/2015,2,2015
Technology,05/12/2016,3,2016
Technology,05/12/2017,3,2017
Technology,06/01/2014,2,2014
Technology,06/02/2014,2,2014
Technology,06/02/2015,1,2015
Technology,06/02/2017,1,2017
Technology,06/03/2015,1,2015
Technology,06/03/2016,2,2016
Technology,06/03/2017,1,2017
Technology,06/04/2014,3,2014
Technology,06/04/2015,1,2015
Technology,06/04/2016,1,2016
Technology,06/05/2016,1,2016
Technology,06/05/2017,3,2017
Technology,06/06/2016,7,2016
Technology,06/07/2014,1,2014
Technology,06/07/2015,1,2015
Technology,06/08/2014,2,2014
Technology,06/08/2016,1,2016
Technology,06/08/2017,1,2017
Technology,06/09/2015,2,2015
Technology,06/09/2016,2,2016
Technology,06/10/2014,1,2014
Technology,06/10/2016,2,2016
Technology,06/10/2017,1,2017
Technology,06/11/2017,2,2017
Technology,06/12/2014,1,2014
Technology,06/12/2015,5,2015
Technology,06/12/2016,5,2016
Technology,07/01/2017,1,2017
Technology,07/02/2014,1,2014
Technology,07/02/2016,2,2016
Technology,07/03/2015,2,2015
Technology,07/03/2016,1,2016
Technology,07/03/2017,1,2017
Technology,07/04/2014,2,2014
Technology,07/04/2015,1,2015
Technology,07/04/2016,1,2016
Technology,07/04/2017,2,2017
Technology,07/05/2016,2,2016
Technology,07/05/2017,2,2017
Technology,07/07/2016,2,2016
Technology,07/07/2017,4,2017
Technology,07/08/2015,1,2015
Technology,07/08/2016,1,2016
Technology,07/08/2017,6,2017
Technology,07/09/2014,6,2014
Technology,07/09/2015,3,2015
Technology,07/09/2017,5,2017
Technology,07/10/2016,1,2016
Technology,07/10/2017,4,2017
Technology,07/11/2015,1,2015
Technology,07/11/2016,4,2016
Technology,07/11/2017,5,2017
Technology,07/12/2015,1,2015
Technology,07/12/2017,3,2017
Technology,08/01/2016,1,2016
Technology,08/02/2015,1,2015
Technology,08/02/2016,1,2016
Technology,08/03/2015,1,2015
Technology,08/03/2016,3,2016
Technology,08/04/2014,1,2014
Technology,08/04/2016,1,2016
Technology,08/05/2014,1,2014
Technology,08/05/2015,2,2015
Technology,08/05/2016,1,2016
Technology,08/05/2017,1,2017
Technology,08/06/2015,1,2015
Technology,08/06/2017,3,2017
Technology,08/07/2016,3,2016
Technology,08/07/2017,2,2017
Technology,08/08/2014,5,2014
Technology,08/08/2015,1,2015
Technology,08/09/2014,6,2014
Technology,08/09/2016,3,2016
Technology,08/09/2017,6,2017
Technology,08/10/2014,1,2014
Technology,08/10/2017,3,2017
Technology,08/11/2014,1,2014
Technology,08/11/2015,6,2015
Technology,08/12/2014,2,2014
Technology,08/12/2015,3,2015
Technology,08/12/2016,5,2016
Technology,08/12/2017,4,2017
Technology,09/01/2014,1,2014
Technology,09/01/2016,2,2016
Technology,09/02/2015,2,2015
Technology,09/02/2016,2,2016
Technology,09/02/2017,1,2017
Technology,09/03/2015,2,2015
Technology,09/03/2016,1,2016
Technology,09/03/2017,2,2017
Technology,09/04/2016,1,2016
Technology,09/05/2014,2,2014
Technology,09/05/2016,2,2016
Technology,09/05/2017,1,2017
Technology,09/06/2014,4,2014
Technology,09/06/2015,2,2015
Technology,09/06/2016,2,2016
Technology,09/07/2015,2,2015
Technology,09/07/2017,1,2017
Technology,09/08/2014,3,2014
Technology,09/08/2015,3,2015
Technology,09/08/2016,1,2016
Technology,09/09/2014,3,2014
Technology,09/09/2017,4,2017
Technology,09/10/2014,1,2014
Technology,09/10/2015,3,2015
Technology,09/10/2016,1,2016
Technology,09/11/2014,1,2014
Technology,09/11/2015,3,2015
Technology,09/11/2016,1,2016
Technology,09/11/2017,4,2017
Technology,09/12/2014,1,2014
Technology,09/12/2016,4,2016
Technology,09/12/2017,4,2017
Technology,10/01/2016,1,2016
Technology,10/03/2016,4,2016
Technology,10/03/2017,3,2017
Technology,10/04/2017,2,2017
Technology,10/05/2014,2,2014
Technology,10/05/2015,1,2015
Technology,10/05/2016,1,2016
Technology,10/06/2017,3,2017
Technology,10/07/2016,1,2016
Technology,10/08/2015,2,2015
Technology,10/08/2017,1,2017
Technology,10/09/2016,2,2016
Technology,10/09/2017,5,2017
Technology,10/10/2014,3,2014
Technology,10/10/2016,1,2016
Technology,10/11/2014,2,2014
Technology,10/11/2015,2,2015
Technology,10/11/2016,5,2016
Technology,10/11/2017,5,2017
Technology,10/12/2015,4,2015
Technology,10/12/2016,1,2016
Technology,10/12/2017,5,2017
Technology,11/01/2016,1,2016
Technology,11/02/2014,1,2014
Technology,11/02/2016,1,2016
Technology,11/02/2017,1,2017
Technology,11/03/2014,2,2014
Technology,11/03/2016,1,2016
Technology,11/03/2017,2,2017
Technology,11/04/2014,5,2014
Technology,11/04/2015,3,2015
Technology,11/04/2017,2,2017
Technology,11/05/2014,3,2014
Technology,11/06/2015,2,2015
Technology,11/06/2016,2,2016
Technology,11/06/2017,1,2017
Technology,11/07/2014,3,2014
Technology,11/07/2015,1,2015
Technology,11/07/2017,3,2017
Technology,11/08/2015,1,2015
Technology,11/08/2017,1,2017
Technology,11/09/2015,1,2015
Technology,11/09/2016,4,2016
Technology,11/09/2017,2,2017
Technology,11/10/2014,1,2014
Technology,11/10/2015,1,2015
Technology,11/11/2014,5,2014
Technology,11/11/2016,4,2016
Technology,11/11/2017,1,2017
Technology,11/12/2015,4,2015
Technology,11/12/2016,6,2016
Technology,11/12/2017,5,2017
Technology,12/01/2015,4,2015
Technology,12/03/2017,1,2017
Technology,12/04/2014,2,2014
Technology,12/05/2015,2,2015
Technology,12/05/2016,2,2016
Technology,12/05/2017,1,2017
Technology,12/06/2015,1,2015
Technology,12/06/2016,2,2016
Technology,12/06/2017,2,2017
Technology,12/07/2014,2,2014
Technology,12/07/2015,4,2015
Technology,12/07/2016,1,2016
Technology,12/08/2014,3,2014
Technology,12/08/2016,1,2016
Technology,12/08/2017,3,2017
Technology,12/09/2014,3,2014
Technology,12/09/2015,2,2015
Technology,12/09/2016,2,2016
Technology,12/10/2015,4,2015
Technology,12/10/2017,7,2017
Technology,12/11/2014,2,2014
Technology,12/11/2015,1,2015
Technology,12/11/2016,2,2016
Technology,12/11/2017,8,2017
Technology,12/12/2015,2,2015
Technology,12/12/2016,3,2016
Technology,13/01/2014,1,2014
Technology,13/02/2017,1,2017
Technology,13/03/2016,4,2016
Technology,13/03/2017,7,2017
Technology,13/04/2014,1,2014
Technology,13/04/2015,4,2015
Technology,13/05/2014,1,2014
Technology,13/05/2015,1,2015
Technology,13/05/2017,1,2017
Technology,13/06/2015,2,2015
Technology,13/06/2016,1,2016
Technology,13/06/2017,1,2017
Technology,13/07/2017,1,2017
Technology,13/08/2016,1,2016
Technology,13/08/2017,1,2017
Technology,13/09/2014,4,2014
Technology,13/09/2015,1,2015
Technology,13/09/2016,2,2016
Technology,13/10/2014,2,2014
Technology,13/10/2015,1,2015
Technology,13/10/2016,1,2016
Technology,13/10/2017,2,2017
Technology,13/11/2015,6,2015
Technology,13/11/2016,1,2016
Technology,13/11/2017,8,2017
Technology,13/12/2015,3,2015
Technology,13/12/2016,1,2016
Technology,14/01/2017,6,2017
Technology,14/02/2014,1,2014
Technology,14/02/2015,3,2015
Technology,14/03/2014,2,2014
Technology,14/03/2017,1,2017
Technology,14/05/2016,2,2016
Technology,14/05/2017,4,2017
Technology,14/06/2016,2,2016
Technology,14/07/2014,3,2014
Technology,14/07/2016,4,2016
Technology,14/07/2017,3,2017
Technology,14/08/2016,4,2016
Technology,14/09/2014,3,2014
Technology,14/09/2015,1,2015
Technology,14/09/2016,1,2016
Technology,14/09/2017,4,2017
Technology,14/10/2014,2,2014
Technology,14/10/2016,4,2016
Technology,14/10/2017,1,2017
Technology,14/11/2014,1,2014
Technology,14/11/2015,5,2015
Technology,14/11/2016,4,2016
Technology,14/11/2017,2,2017
Technology,14/12/2014,3,2014
Technology,14/12/2015,2,2015
Technology,14/12/2017,6,2017
Technology,15/01/2014,1,2014
Technology,15/01/2016,1,2016
Technology,15/01/2017,2,2017
Technology,15/02/2015,3,2015
Technology,15/03/2015,1,2015
Technology,15/03/2016,1,2016
Technology,15/04/2016,2,2016
Technology,15/05/2017,2,2017
Technology,15/06/2015,2,2015
Technology,15/06/2017,4,2017
Technology,15/07/2014,1,2014
Technology,15/07/2017,1,2017
Technology,15/08/2016,3,2016
Technology,15/09/2015,1,2015
Technology,15/09/2017,5,2017
Technology,15/10/2015,2,2015
Technology,15/10/2016,1,2016
Technology,15/11/2014,1,2014
Technology,15/11/2016,2,2016
Technology,15/12/2014,1,2014
Technology,15/12/2015,5,2015
Technology,15/12/2017,1,2017
Technology,16/01/2014,1,2014
Technology,16/01/2016,1,2016
Technology,16/02/2016,1,2016
Technology,16/02/2017,1,2017
Technology,16/03/2014,1,2014
Technology,16/03/2015,1,2015
Technology,16/03/2017,4,2017
Technology,16/04/2015,4,2015
Technology,16/04/2016,2,2016
Technology,16/04/2017,1,2017
Technology,16/05/2014,1,2014
Technology,16/05/2015,1,2015
Technology,16/06/2015,1,2015
Technology,16/06/2016,1,2016
Technology,16/06/2017,3,2017
Technology,16/07/2015,1,2015
Technology,16/07/2016,3,2016
Technology,16/08/2015,3,2015
Technology,16/09/2017,4,2017
Technology,16/10/2014,1,2014
Technology,16/10/2015,1,2015
Technology,16/10/2017,2,2017
Technology,16/11/2014,2,2014
Technology,16/11/2015,3,2015
Technology,16/11/2017,6,2017
Technology,16/12/2014,4,2014
Technology,16/12/2016,1,2016
Technology,16/12/2017,2,2017
Technology,17/01/2016,3,2016
Technology,17/02/2017,4,2017
Technology,17/03/2015,1,2015
Technology,17/03/2016,2,2016
Technology,17/03/2017,3,2017
Technology,17/04/2015,3,2015
Technology,17/04/2016,1,2016
Technology,17/04/2017,2,2017
Technology,17/06/2014,1,2014
Technology,17/06/2016,2,2016
Technology,17/06/2017,2,2017
Technology,17/07/2016,3,2016
Technology,17/07/2017,2,2017
Technology,17/08/2014,1,2014
Technology,17/08/2015,2,2015
Technology,17/08/2017,2,2017
Technology,17/09/2014,3,2014
Technology,17/09/2015,4,2015
Technology,17/09/2016,4,2016
Technology,17/09/2017,3,2017
Technology,17/10/2014,1,2014
Technology,17/10/2016,1,2016
Technology,17/10/2017,1,2017
Technology,17/11/2014,1,2014
Technology,17/11/2015,1,2015
Technology,17/11/2016,1,2016
Technology,17/11/2017,5,2017
Technology,17/12/2015,1,2015
Technology,17/12/2016,1,2016
Technology,18/02/2017,2,2017
Technology,18/03/2014,3,2014
Technology,18/03/2017,2,2017
Technology,18/04/2014,2,2014
Technology,18/04/2015,4,2015
Technology,18/04/2016,1,2016
Technology,18/05/2014,1,2014
Technology,18/05/2017,5,2017
Technology,18/06/2014,1,2014
Technology,18/06/2015,1,2015
Technology,18/07/2015,2,2015
Technology,18/07/2016,2,2016
Technology,18/07/2017,1,2017
Technology,18/08/2016,1,2016
Technology,18/08/2017,4,2017
Technology,18/09/2015,3,2015
Technology,18/09/2016,1,2016
Technology,18/09/2017,3,2017
Technology,18/10/2014,1,2014
Technology,18/10/2015,2,2015
Technology,18/11/2014,2,2014
Technology,18/11/2016,3,2016
Technology,18/11/2017,2,2017
Technology,18/12/2015,1,2015
Technology,18/12/2016,5,2016
Technology,18/12/2017,2,2017
Technology,19/01/2017,1,2017
Technology,19/03/2014,2,2014
Technology,19/03/2015,2,2015
Technology,19/03/2017,3,2017
Technology,19/04/2016,2,2016
Technology,19/05/2017,6,2017
Technology,19/06/2017,2,2017
Technology,19/07/2014,1,2014
Technology,19/07/2016,2,2016
Technology,19/09/2014,3,2014
Technology,19/09/2015,2,2015
Technology,19/09/2016,1,2016
Technology,19/09/2017,4,2017
Technology,19/10/2014,2,2014
Technology,19/10/2015,2,2015
Technology,19/10/2017,2,2017
Technology,19/11/2014,6,2014
Technology,19/11/2015,1,2015
Technology,19/11/2016,1,2016
Technology,19/11/2017,1,2017
Technology,19/12/2014,4,2014
Technology,19/12/2015,5,2015
Technology,20/01/2014,1,2014
Technology,20/01/2017,2,2017
Technology,20/02/2014,1,2014
Technology,20/02/2015,1,2015
Technology,20/02/2017,3,2017
Technology,20/03/2015,1,2015
Technology,20/03/2016,2,2016
Technology,20/03/2017,2,2017
Technology,20/04/2015,1,2015
Technology,20/04/2017,1,2017
Technology,20/05/2014,1,2014
Technology,20/05/2016,1,2016
Technology,20/05/2017,2,2017
Technology,20/06/2014,2,2014
Technology,20/06/2015,3,2015
Technology,20/06/2016,4,2016
Technology,20/06/2017,3,2017
Technology,20/07/2014,1,2014
Technology,20/07/2015,2,2015
Technology,20/07/2016,1,2016
Technology,20/07/2017,1,2017
Technology,20/08/2016,1,2016
Technology,20/08/2017,2,2017
Technology,20/09/2014,4,2014
Technology,20/09/2017,5,2017
Technology,20/10/2014,1,2014
Technology,20/10/2015,1,2015
Technology,20/10/2016,2,2016
Technology,20/10/2017,1,2017
Technology,20/11/2014,1,2014
Technology,20/11/2015,3,2015
Technology,20/11/2016,6,2016
Technology,20/11/2017,3,2017
Technology,20/12/2014,3,2014
Technology,20/12/2015,3,2015
Technology,20/12/2016,1,2016
Technology,21/01/2017,4,2017
Technology,21/02/2016,2,2016
Technology,21/02/2017,1,2017
Technology,21/03/2014,1,2014
Technology,21/04/2015,1,2015
Technology,21/04/2017,2,2017
Technology,21/05/2014,1,2014
Technology,21/05/2016,3,2016
Technology,21/06/2014,6,2014
Technology,21/06/2015,1,2015
Technology,21/07/2014,1,2014
Technology,21/07/2017,4,2017
Technology,21/08/2015,1,2015
Technology,21/08/2016,3,2016
Technology,21/08/2017,2,2017
Technology,21/09/2014,3,2014
Technology,21/09/2015,5,2015
Technology,21/09/2017,2,2017
Technology,21/10/2016,3,2016
Technology,21/10/2017,3,2017
Technology,21/11/2014,3,2014
Technology,21/11/2015,5,2015
Technology,21/11/2016,3,2016
Technology,21/11/2017,3,2017
Technology,21/12/2015,5,2015
Technology,21/12/2017,2,2017
Technology,22/01/2016,2,2016
Technology,22/01/2017,1,2017
Technology,22/02/2016,2,2016
Technology,22/03/2015,4,2015
Technology,22/03/2016,1,2016
Technology,22/04/2015,1,2015
Technology,22/05/2014,2,2014
Technology,22/05/2015,2,2015
Technology,22/05/2016,4,2016
Technology,22/05/2017,1,2017
Technology,22/06/2014,2,2014
Technology,22/07/2014,1,2014
Technology,22/07/2016,1,2016
Technology,22/07/2017,1,2017
Technology,22/09/2015,1,2015
Technology,22/09/2016,2,2016
Technology,22/09/2017,6,2017
Technology,22/10/2017,4,2017
Technology,22/11/2015,2,2015
Technology,22/11/2016,1,2016
Technology,22/12/2016,1,2016
Technology,22/12/2017,6,2017
Technology,23/01/2016,1,2016
Technology,23/01/2017,2,2017
Technology,23/02/2017,1,2017
Technology,23/03/2014,1,2014
Technology,23/03/2015,1,2015
Technology,23/03/2017,1,2017
Technology,23/04/2016,1,2016
Technology,23/04/2017,2,2017
Technology,23/05/2014,1,2014
Technology,23/05/2016,3,2016
Technology,23/06/2014,1,2014
Technology,23/06/2015,4,2015
Technology,23/06/2016,1,2016
Technology,23/07/2014,6,2014
Technology,23/07/2016,2,2016
Technology,23/07/2017,2,2017
Technology,23/08/2014,1,2014
Technology,23/08/2015,1,2015
Technology,23/08/2016,3,2016
Technology,23/08/2017,1,2017
Technology,23/09/2014,1,2014
Technology,23/09/2017,4,2017
Technology,23/10/2015,5,2015
Technology,23/10/2017,4,2017
Technology,23/11/2014,2,2014
Technology,23/11/2015,1,2015
Technology,23/11/2017,4,2017
Technology,23/12/2016,5,2016
Technology,23/12/2017,1,2017
Technology,24/01/2017,1,2017
Technology,24/02/2017,1,2017
Technology,24/03/2016,1,2016
Technology,24/03/2017,2,2017
Technology,24/04/2016,1,2016
Technology,24/04/2017,2,2017
Technology,24/06/2016,3,2016
Technology,24/07/2015,1,2015
Technology,24/07/2017,1,2017
Technology,24/08/2015,5,2015
Technology,24/09/2015,3,2015
Technology,24/09/2017,10,2017
Technology,24/10/2016,5,2016
Technology,24/11/2014,3,2014
Technology,24/11/2015,1,2015
Technology,24/11/2016,8,2016
Technology,24/11/2017,3,2017
Technology,24/12/2014,3,2014
Technology,24/12/2015,3,2015
Technology,24/12/2016,2,2016
Technology,24/12/2017,2,2017
Technology,25/03/2014,1,2014
Technology,25/03/2016,1,2016
Technology,25/03/2017,3,2017
Technology,25/04/2014,1,2014
Technology,25/04/2016,1,2016
Technology,25/04/2017,1,2017
Technology,25/05/2015,2,2015
Technology,25/05/2017,1,2017
Technology,25/06/2014,1,2014
Technology,25/06/2017,1,2017
Technology,25/07/2015,1,2015
Technology,25/07/2016,3,2016
Technology,25/08/2014,2,2014
Technology,25/09/2015,4,2015
Technology,25/09/2016,3,2016
Technology,25/09/2017,1,2017
Technology,25/10/2014,1,2014
Technology,25/10/2015,1,2015
Technology,25/10/2016,1,2016
Technology,25/11/2014,2,2014
Technology,25/11/2016,5,2016
Technology,25/11/2017,2,2017
Technology,25/12/2015,3,2015
Technology,25/12/2016,6,2016
Technology,25/12/2017,4,2017
Technology,26/01/2014,2,2014
Technology,26/01/2017,1,2017
Technology,26/02/2017,2,2017
Technology,26/03/2014,2,2014
Technology,26/03/2015,1,2015
Technology,26/03/2016,1,2016
Technology,26/03/2017,4,2017
Technology,26/04/2015,1,2015
Technology,26/05/2014,2,2014
Technology,26/05/2015,2,2015
Technology,26/05/2016,4,2016
Technology,26/05/2017,1,2017
Technology,26/06/2015,2,2015
Technology,26/06/2016,4,2016
Technology,26/06/2017,5,2017
Technology,26/07/2014,4,2014
Technology,26/07/2017,1,2017
Technology,26/08/2014,2,2014
Technology,26/08/2016,7,2016
Technology,26/08/2017,1,2017
Technology,26/09/2014,2,2014
Technology,26/09/2015,6,2015
Technology,26/09/2016,2,2016
Technology,26/10/2014,1,2014
Technology,26/10/2015,2,2015
Technology,26/10/2017,3,2017
Technology,26/11/2014,2,2014
Technology,26/11/2015,1,2015
Technology,26/11/2016,3,2016
Technology,26/11/2017,5,2017
Technology,26/12/2016,2,2016
Technology,27/01/2015,2,2015
Technology,27/01/2017,3,2017
Technology,27/02/2015,2,2015
Technology,27/03/2017,2,2017
Technology,27/04/2015,1,2015
Technology,27/05/2014,2,2014
Technology,27/05/2017,4,2017
Technology,27/06/2014,1,2014
Technology,27/06/2016,1,2016
Technology,27/06/2017,1,2017
Technology,27/07/2014,1,2014
Technology,27/07/2015,1,2015
Technology,27/07/2017,2,2017
Technology,27/08/2014,2,2014
Technology,27/08/2016,1,2016
Technology,27/08/2017,3,2017
Technology,27/09/2015,1,2015
Technology,27/09/2016,1,2016
Technology,27/10/2017,3,2017
Technology,27/11/2015,6,2015
Technology,27/11/2016,4,2016
Technology,27/11/2017,3,2017
Technology,27/12/2014,1,2014
Technology,27/12/2015,6,2015
Technology,27/12/2016,1,2016
Technology,27/12/2017,1,2017
Technology,28/01/2017,2,2017
Technology,28/03/2014,1,2014
Technology,28/03/2015,1,2015
Technology,28/03/2017,1,2017
Technology,28/04/2014,2,2014
Technology,28/04/2016,1,2016
Technology,28/04/2017,1,2017
Technology,28/05/2014,2,2014
Technology,28/05/2015,1,2015
Technology,28/05/2016,3,2016
Technology,28/05/2017,3,2017
Technology,28/06/2016,1,2016
Technology,28/07/2017,1,2017
Technology,28/08/2015,3,2015
Technology,28/08/2016,1,2016
Technology,28/08/2017,1,2017
Technology,28/09/2015,2,2015
Technology,28/09/2017,1,2017
Technology,28/10/2014,1,2014
Technology,28/10/2016,1,2016
Technology,28/10/2017,2,2017
Technology,28/11/2014,2,2014
Technology,28/11/2015,1,2015
Technology,28/11/2016,2,2016
Technology,28/11/2017,1,2017
Technology,28/12/2015,1,2015
Technology,28/12/2017,1,2017
Technology,29/03/2015,1,2015
Technology,29/03/2016,2,2016
Technology,29/04/2014,1,2014
Technology,29/05/2016,1,2016
Technology,29/06/2015,1,2015
Technology,29/06/2017,1,2017
Technology,29/07/2017,4,2017
Technology,29/08/2015,2,2015
Technology,29/08/2016,2,2016
Technology,29/09/2014,1,2014
Technology,29/09/2016,3,2016
Technology,29/09/2017,2,2017
Technology,29/10/2014,2,2014
Technology,29/11/2014,1,2014
Technology,29/11/2015,1,2015
Technology,29/11/2016,1,2016
Technology,29/12/2014,5,2014
Technology,29/12/2017,1,2017
Technology,30/01/2015,1,2015
Technology,30/01/2016,1,2016
Technology,30/01/2017,3,2017
Technology,30/03/2014,1,2014
Technology,30/03/2015,1,2015
Technology,30/03/2017,1,2017
Technology,30/04/2014,1,2014
Technology,30/04/2015,3,2015
Technology,30/04/2017,2,2017
Technology,30/05/2014,2,2014
Technology,30/05/2015,3,2015
Technology,30/05/2016,6,2016
Technology,30/05/2017,2,2017
Technology,30/06/2016,1,2016
Technology,30/06/2017,1,2017
Technology,30/07/2015,1,2015
Technology,30/07/2017,1,2017
Technology,30/08/2016,2,2016
Technology,30/09/2017,1,2017
Technology,30/10/2015,5,2015
Technology,30/10/2017,2,2017
Technology,30/11/2014,1,2014
Technology,30/11/2015,2,2015
Technology,30/11/2016,1,2016
Technology,30/11/2017,4,2017
Technology,30/12/2014,5,2014
Technology,30/12/2015,2,2015
Technology,30/12/2017,1,2017
Technology,31/01/2016,1,2016
Technology,31/03/2014,1,2014
Technology,31/03/2015,1,2015
Technology,31/03/2016,2,2016
Technology,31/03/2017,4,2017
Technology,31/05/2014,2,2014
Technology,31/05/2016,1,2016
Technology,31/07/2015,2,2015
Technology,31/07/2016,2,2016
Technology,31/07/2017,3,2017
Technology,31/08/2014,1,2014
Technology,31/08/2015,3,2015
Technology,31/08/2017,2,2017
Technology,31/10/2014,3,2014
Technology,31/10/2015,1,2015
Technology,31/10/2017,1,2017
Technology,31/12/2014,5,2014
Technology,31/12/2016,1,2016
